Sender	Metabolite	Metabolite_Name	Receiver	Sensor	Commu_Score	metabolite_prop_in_sender	sensor_prop_in_receiver	ztest_stat	ztest_pval	ttest_stat	ttest_pval	ranksum_test_stat	ranksum_test_pval	permutation_test_stat	permutation_test_pval	ztest_fdr	ttest_fdr	ranksum_test_fdr	permutation_test_fdr
Myofibroblasts	HMDB0000660	D-Fructose	Mono/Macro	SLC2A8	0.937842870608074	0.5	1.0	-168.94182173186712	0.0	-5.339740284300183	5.761856657016085e-08	-1.7303213505149568	0.04178643850770659	0	0.0	0.0	1.0184679068809492e-05	0.9788777958649826	0.0
Myofibroblasts	HMDB0000122	D-Glucose	Plasma	SLC2A3	0.10368065761170604	0.4375	0.5	-39.08236347066853	0.0	-1.2352753657481483	0.10850923134580624	-1.7303213505149568	0.04178643850770659	0	0.0	0.0	0.9313593769267486	0.9788777958649826	0.0
Malignant	HMDB0000641	L-Glutamine	Fibroblasts	SLC38A2	1.5815959521762786	0.8690476190476191	0.896551724137931	-117.59975025858186	0.0	-3.7169726089258885	0.00010641025272235118	-1.7303213505149568	0.04178643850770659	0	0.0	0.0	0.009276313781070963	0.9788777958649826	0.0
Myofibroblasts	HMDB0000122	D-Glucose	CD8T	SLC2A3	0.23508393364165123	0.4375	0.6875	-80.00674423823632	0.0	-2.528771329947292	0.005799627917089238	-1.7303213505149568	0.04178643850770659	0	0.0	0.0	0.294315380948211	0.9788777958649826	0.0
Myofibroblasts	HMDB0000122	D-Glucose	Mast	SLC2A3	0.2970973977606235	0.4375	1.0	-36.00494775596476	3.499675131622188e-284	-1.1380075578431117	0.12769508666601112	-1.7303213505149568	0.04178643850770659	0	0.0	6.041270883151768e-283	0.9313593769267486	0.9788777958649826	0.0
Plasma	HMDB0000122	D-Glucose	CD8T	SLC2A3	2.309608189509061	0.5	0.6875	-118.79843153010192	0.0	-3.7548593003795325	9.172636960903736e-05	-1.7303213505149568	0.04178643850770659	0	0.0	0.0	0.008163221250797785	0.9788777958649826	0.0
Myofibroblasts	HMDB0000122	D-Glucose	Myofibroblasts	SLC2A6	0.007485211322362357	0.4375	0.28125	-45.3915845049015	0.0	-1.4346907702565583	0.07584410050360954	-1.7303213505149568	0.04178643850770659	0	0.0	0.0	0.9313593769267486	0.9788777958649826	0.0
Fibroblasts	HMDB0000169	D-Mannose	Endothelial	SLC2A3	1.6283772406069552	0.6206896551724138	0.8333333333333334	-101.33947446470196	0.0	-3.2030344448861077	0.0007014406311559878	-1.7303213505149568	0.04178643850770659	0	0.0	0.0	0.04936726291605546	0.9788777958649826	0.0
CD4Tconv	HMDB0015531	Iron	Mono/Macro	SLC40A1	14.46784611576297	1.0	1.0	-166.40089454004084	0.0	-5.259429256831786	8.837922916560488e-08	-1.7303213505149568	0.04178643850770659	0	0.0	0.0	1.5201623735897337e-05	0.9788777958649826	0.0
Plasma	HMDB0000169	D-Mannose	Fibroblasts	SLC2A3	5.340145100090723	1.0	0.5862068965517241	-127.54577879433519	0.0	-4.031336504713945	2.9838960131303406e-05	-1.7303213505149568	0.04178643850770659	0	0.0	0.0	0.0030439707280755447	0.9788777958649826	0.0
Mono/Macro	HMDB0015531	Iron	Mono/Macro	SLC40A1	13.38472072032568	1.0	1.0	-152.96836928525926	0.0	-4.83486773921849	7.709122922789248e-07	-1.721669743762382	0.042564680608279434	0	0.0	0.0	0.00010871280439317177	0.9788777958649826	0.0
Fibroblasts	HMDB0015531	Iron	Mono/Macro	SLC40A1	14.128622939025439	1.0	1.0	-162.3331646477095	0.0	-5.130860611430256	1.732148473046636e-07	-1.7303213505149568	0.04178643850770659	0	0.0	0.0	2.8152550415529582e-05	0.9788777958649826	0.0
Plasma	HMDB0000169	D-Mannose	Myofibroblasts	SLC2A3	4.91437928734797	1.0	0.53125	-118.29666693771394	0.0	-3.739000038417376	9.7624311312389e-05	-1.7303213505149568	0.04178643850770659	0	0.0	0.0	0.008608220020711047	0.9788777958649826	0.0
Fibroblasts	HMDB0000169	D-Mannose	Mast	SLC2A3	3.2865025801622485	0.6206896551724138	1.0	-147.6521606931744	0.0	-4.666838456191388	1.7375038201476706e-06	-1.7303213505149568	0.04178643850770659	0	0.0	0.0	0.00023221405585158256	0.9788777958649826	0.0
Fibroblasts	HMDB0000169	D-Mannose	CD8T	SLC2A3	2.6005073093587914	0.6206896551724138	0.6875	-175.32871561160346	0.0	-5.5416106926547615	1.9168586105982418e-08	-1.7303213505149568	0.04178643850770659	0	0.0	0.0	3.639848798352315e-06	0.9788777958649826	0.0
Myocyte	HMDB0000068	Epinephrine	Mono/Macro	ADRB2	10.45505003500729	1.0	1.0	-83.77723292472112	0.0	-2.6479450793737405	0.004112935380005229	-1.7303213505149568	0.04178643850770659	0	0.0	0.0	0.22469262327305947	0.9788777958649826	0.0
Myocyte	HMDB0000068	Epinephrine	Malignant	ADRB2	3.6578473990720184	1.0	0.2976190476190476	-110.84335380409213	0.0	-3.5034233411667115	0.00023983451020112781	-1.7303213505149568	0.04178643850770659	0	0.0	0.0	0.018970359913068672	0.9788777958649826	0.0
Myocyte	HMDB0000068	Epinephrine	Mast	ADRB2	13.109386088257793	1.0	0.5	-126.15829195403931	0.0	-3.9874822399788195	3.582201873378357e-05	-1.7303213505149568	0.04178643850770659	0	0.0	0.0	0.003571886485462882	0.9788777958649826	0.0
Malignant	HMDB0001220	Prostaglandin E2	Myocyte	SLC22A1	2.4001789119689323	0.9642857142857143	1.0	-842.3429323186427	0.0	-26.62391374017588	9.286909333397543e-119	-1.7303213505149568	0.04178643850770659	0	0.0	0.0	2.968483177509413e-115	0.9788777958649826	0.0
Myocyte	HMDB0001220	Prostaglandin E2	Myocyte	SLC22A1	1.2688613158306516	1.0	1.0	-367.0535472271958	0.0	-11.601453047754314	1.3869091318812027e-29	-1.7268607078139269	0.04209634127311807	0	0.0	0.0	9.672304285739507e-27	0.9788777958649826	0.0
Plasma	HMDB0000169	D-Mannose	Mast	SLC2A3	16.419123328254557	1.0	1.0	-246.89600968155278	0.0	-7.803636514716686	7.556492142174988e-15	-1.7303213505149568	0.04178643850770659	0	0.0	0.0	2.4986583542879828e-12	0.9788777958649826	0.0
Plasma	HMDB0000169	D-Mannose	CD8T	SLC2A3	12.991941794331865	1.0	0.6875	-297.88096684187553	0.0	-9.415116886192646	1.5791112867923412e-20	-1.7303213505149568	0.04178643850770659	0	0.0	0.0	7.765380977883824e-18	0.9788777958649826	0.0
Plasma	HMDB0000169	D-Mannose	CD4Tconv	SLC2A3	8.800173763246164	1.0	0.5	-190.63766277491086	0.0	-6.025480234489564	1.1841116565787658e-09	-1.7303213505149568	0.04178643850770659	0	0.0	0.0	2.4955478467797644e-07	0.9788777958649826	0.0
Plasma	HMDB0000169	D-Mannose	Endothelial	SLC2A3	8.135252015268009	1.0	0.8333333333333334	-158.20537115101988	0.0	-5.000393537063504	3.377449079606922e-07	-1.7303213505149568	0.04178643850770659	0	0.0	0.0	5.266211965304175e-05	0.9788777958649826	0.0
Plasma	HMDB0000169	D-Mannose	CD8Tex	SLC2A3	6.195190982140986	1.0	0.4666666666666667	-136.86575344080373	0.0	-4.32591272958377	8.357532665434957e-06	-1.7303213505149568	0.04178643850770659	0	0.0	0.0	0.0009626723136579239	0.9788777958649826	0.0
Fibroblasts	HMDB0000696	L-Methionine	Mono/Macro	SLC43A2	0.597175670207833	0.4827586206896552	1.0	-331.388407236198	0.0	-10.474185786144036	9.910839743523523e-25	-1.7303213505149568	0.04178643850770659	0	0.0	0.0	6.131452903908577e-22	0.9788777958649826	0.0
CD4Tconv	HMDB0000517	L-Arginine	Malignant	SLC7A1	1.5671805875269433	0.3	0.4880952380952381	-192.37759918022684	0.0	-6.080474364541814	8.517738237518644e-10	-1.7303213505149568	0.04178643850770659	0	0.0	0.0	1.8354768852612507e-07	0.9788777958649826	0.0
CD4Tconv	HMDB0000517	L-Arginine	Myofibroblasts	SLC7A2	2.564828993536055	0.3	0.40625	-564.2337669054009	0.0	-17.833723728213467	2.8263243314264964e-62	-1.7303213505149568	0.04178643850770659	0	0.0	0.0	4.169589322327928e-59	0.9788777958649826	0.0
Myofibroblasts	HMDB0000122	D-Glucose	CD4Tconv	SLC2A3	0.15923558600736112	0.4375	0.5	-60.09996868996136	0.0	-1.899578331813574	0.02888813563701681	-1.7303213505149568	0.04178643850770659	0	0.0	0.0	0.9313593769267486	0.9788777958649826	0.0
Myofibroblasts	HMDB0000122	D-Glucose	Mono/Macro	SLC2A3	0.17412576998883086	0.4375	1.0	-21.65585189021979	2.676617372639424e-104	-0.684476013953344	0.24691669376201175	-1.7303213505149568	0.04178643850770659	0	0.0	2.507130953903062e-103	0.9313593769267486	0.9788777958649826	0.0
Fibroblasts	HMDB0000641	L-Glutamine	Malignant	SLC1A5	2.005343424631211	0.7241379310344828	0.6904761904761905	-167.9473987528885	0.0	-5.308309580013628	6.816623103397299e-08	-1.7303213505149568	0.04178643850770659	0	0.0	0.0	1.1939050793470785e-05	0.9788777958649826	0.0
Malignant	HMDB0000641	L-Glutamine	Malignant	SLC1A5	2.1895216317230486	0.8690476190476191	0.6904761904761905	-225.85639550196112	0.0	-7.138637911947934	9.05741110262674e-13	-1.7303213505149568	0.04178643850770659	0	0.0	0.0	2.4993893357083014e-10	0.9788777958649826	0.0
Malignant	HMDB0000112	gamma-Aminobutyric acid	Myocyte	SLC6A13	1.445347536415124	0.9642857142857143	1.0	-919.3063305655681	0.0	-29.05649410318393	2.4557178611388236e-135	-1.7303213505149568	0.04178643850770659	0	0.0	0.0	9.419396999970185e-132	0.9788777958649826	0.0
Myocyte	HMDB0000112	gamma-Aminobutyric acid	Myocyte	SLC6A13	1.4559109742159215	1.0	1.0	-706.0460324936328	0.0	-22.315980753778156	3.966301980817955e-90	-1.7268607078139269	0.04209634127311807	0	0.0	0.0	8.451969171013016e-87	0.9788777958649826	0.0
Plasma	HMDB0001178	Adenosine diphosphate ribose	Mono/Macro	CD38	10.295884036109868	0.75	1.0	-303.8329788357211	0.0	-9.603241992755176	3.0080735000423057e-21	-1.7303213505149568	0.04178643850770659	0	0.0	0.0	1.5572149205721073e-18	0.9788777958649826	0.0
Mono/Macro	HMDB0000641	L-Glutamine	Plasma	SLC38A5	16.818840526797008	1.0	0.75	-247.18009456950358	0.0	-7.812615579253824	7.065904510840289e-15	-1.7303213505149568	0.04178643850770659	0	0.0	0.0	2.356755646280878e-12	0.9788777958649826	0.0
Fibroblasts	HMDB0000574	L-Cysteine	Mono/Macro	SLC43A2	0.9095767197235378	0.3793103448275862	1.0	-289.97587079662907	0.0	-9.165260696817247	1.3703115523108503e-19	-1.7303213505149568	0.04178643850770659	0	0.0	0.0	6.257266691903249e-17	0.9788777958649826	0.0
Myocyte	HMDB0000214	Ornithine	Myocyte	SLC7A1	2.7068185943949885	1.0	1.0	-44.55950391383349	0.0	-1.4083912181008937	0.07966319489867334	-1.7268607078139269	0.04209634127311807	0	0.0	0.0	0.9313593769267486	0.9788777958649826	0.0
Myofibroblasts	HMDB0000122	D-Glucose	Malignant	SLC2A1	0.2499120421725868	0.4375	0.8928571428571429	-108.24269452407891	0.0	-3.421224362957123	0.0003243222283549767	-1.7303213505149568	0.04178643850770659	0	0.0	0.0	0.024979975327333013	0.9788777958649826	0.0
CD8Tex	HMDB0000294	Urea	CD8T	SLC14A2	0.07569686055506691	0.26666666666666666	0.6875	-178.75323060929273	0.0	-5.649849259635375	1.0468018003174678e-08	-1.7303213505149568	0.04178643850770659	0	0.0	0.0	2.059085982296262e-06	0.9788777958649826	0.0
Mono/Macro	HMDB0000214	Ornithine	Malignant	SLC7A1	2.4325021107732248	1.0	0.4880952380952381	-95.21560605786567	0.0	-3.0094774766202153	0.0013413295879431413	-1.7303213505149568	0.04178643850770659	0	0.0	0.0	0.08720233729616114	0.9788777958649826	0.0
Mono/Macro	HMDB0000641	L-Glutamine	Malignant	SLC3A2	3.5688879374569775	1.0	0.9404761904761905	-83.9824020838107	0.0	-2.6544298562789237	0.00403526787674235	-1.7303213505149568	0.04178643850770659	0	0.0	0.0	0.22079995713010886	0.9788777958649826	0.0
Myofibroblasts	HMDB0000122	D-Glucose	Malignant	SLC2A9	0.029782489230307466	0.4375	0.34523809523809523	-91.4156973567378	0.0	-2.88937384946578	0.001971767079325453	-1.7303213505149568	0.04178643850770659	0	0.0	0.0	0.12139818597381445	0.9788777958649826	0.0
Malignant	HMDB0000641	L-Glutamine	Malignant	SLC3A2	1.7258480353385688	0.8690476190476191	0.9404761904761905	-212.49291755022494	0.0	-6.716258770858192	1.5621779465354593e-11	-1.7303213505149568	0.04178643850770659	0	0.0	0.0	3.860140490745373e-09	0.9788777958649826	0.0
Fibroblasts	HMDB0000641	L-Glutamine	Malignant	SLC3A2	1.575542012374496	0.7241379310344828	0.9404761904761905	-112.36848614981209	0.0	-3.5516281642344736	0.0002003609604333602	-1.7303213505149568	0.04178643850770659	0	0.0	0.0	0.016213597804519825	0.9788777958649826	0.0
Endothelial	HMDB0000517	L-Arginine	Myofibroblasts	SLC7A2	1.3484477047069634	0.5	0.40625	-242.24587103811857	0.0	-7.656659689278305	2.2461084109291147e-14	-1.7303213505149568	0.04178643850770659	0	0.0	0.0	7.179498359834004e-12	0.9788777958649826	0.0
Myocyte	HMDB0000214	Ornithine	Myofibroblasts	SLC7A2	2.6319191851965407	1.0	0.40625	-148.7077715247975	0.0	-4.700203123532952	1.481578740318264e-06	-1.7303213505149568	0.04178643850770659	0	0.0	0.0	0.00020080888954907298	0.9788777958649826	0.0
Malignant	HMDB0001085	Leukotriene B4	Mast	PPARA	5.313125322691358	0.6309523809523809	0.5	-296.5289190616052	0.0	-9.372382743014844	2.2928539336058162e-20	-1.7303213505149568	0.04178643850770659	0	0.0	0.0	1.0993374791414786e-17	0.9788777958649826	0.0
Fibroblasts	HMDB0000169	D-Mannose	Malignant	SLC2A1	2.7645364032289113	0.6206896551724138	0.8928571428571429	-145.53732882407	0.0	-4.599995013814511	2.3837251299470956e-06	-1.7303213505149568	0.04178643850770659	0	0.0	0.0	0.00030994082986230765	0.9788777958649826	0.0
Plasma	HMDB0000169	D-Mannose	Malignant	SLC2A1	13.811418991134303	1.0	0.8928571428571429	-223.37093271336923	0.0	-7.0600799466003314	1.555903888397152e-12	-1.7303213505149568	0.04178643850770659	0	0.0	0.0	4.17341296833913e-10	0.9788777958649826	0.0
Fibroblasts	HMDB0000641	L-Glutamine	Malignant	SLC7A5	1.7002085696395737	0.7241379310344828	0.5714285714285714	-106.23717240668097	0.0	-3.357835871395091	0.00040759951554714325	-1.7303213505149568	0.04178643850770659	0	0.0	0.0	0.030958999243251035	0.9788777958649826	0.0
Malignant	HMDB0000641	L-Glutamine	Malignant	SLC7A5	1.8606423442608384	0.8690476190476191	0.5714285714285714	-155.92048330107593	0.0	-4.928175139200967	4.855960818471257e-07	-1.7303213505149568	0.04178643850770659	0	0.0	0.0	7.304317220160863e-05	0.9788777958649826	0.0
Myofibroblasts	HMDB0000122	D-Glucose	Myocyte	SLC2A4	0.056200461440703495	0.4375	1.0	-14.533713068266557	3.704646076331005e-48	-0.4593667355751276	0.32303538561238543	-1.7303213505149568	0.04178643850770659	0	0.0	2.3647713354938986e-47	0.9313593769267486	0.9788777958649826	0.0
Plasma	HMDB0000122	D-Glucose	Myofibroblasts	SLC2A4	0.6403392089774181	0.5	0.46875	-155.26897589452733	0.0	-4.907582959546429	5.381036808409385e-07	-1.7303213505149568	0.04178643850770659	0	0.0	0.0	7.969128527419258e-05	0.9788777958649826	0.0
Myofibroblasts	HMDB0000122	D-Glucose	Myofibroblasts	SLC2A4	0.06517705504992723	0.4375	0.46875	-82.30472240955419	0.0	-2.6014034732972293	0.0047108017673071195	-1.7303213505149568	0.04178643850770659	0	0.0	0.0	0.24786313222030068	0.9788777958649826	0.0
Myofibroblasts	HMDB0000122	D-Glucose	Mono/Macro	SLC2A8	0.1403366118112257	0.4375	1.0	-21.56203852474984	2.041121936013384e-103	-0.6815108570628217	0.2478531260805411	-1.7303213505149568	0.04178643850770659	0	0.0	1.9030460403418907e-102	0.9313593769267486	0.9788777958649826	0.0
Endothelial	HMDB0000265	Liothyronine	Myocyte	SLC16A2	9.51363427224905	0.3333333333333333	1.0	-626.1831972048623	0.0	-19.79175795069565	4.081032398494519e-74	-1.7303213505149568	0.04178643850770659	0	0.0	0.0	7.454102843288299e-71	0.9788777958649826	0.0
Malignant	HMDB0000641	L-Glutamine	Myofibroblasts	SLC38A2	1.6923285635937264	0.8690476190476191	0.9375	-144.2075032912085	0.0	-4.55796324870083	2.9021264711388966e-06	-1.7303213505149568	0.04178643850770659	0	0.0	0.0	0.00036859889090554523	0.9788777958649826	0.0
CD8Tex	HMDB0000296	Uridine	Malignant	SLC29A1	0.8929138286598046	0.7333333333333333	0.32142857142857145	-111.2630442748674	0.0	-3.516688488249666	0.00022830292261514823	-1.7303213505149568	0.04178643850770659	0	0.0	0.0	0.018205852812368483	0.9788777958649826	0.0
Mono/Macro	HMDB0000641	L-Glutamine	Malignant	SLC1A5	4.5216323647755	1.0	0.6904761904761905	-113.25069728471723	0.0	-3.5795121913393064	0.00018039296209766134	-1.7303213505149568	0.04178643850770659	0	0.0	0.0	0.014784899246111101	0.9788777958649826	0.0
Mono/Macro	HMDB0000214	Ornithine	Myofibroblasts	SLC7A2	3.981003842316646	1.0	0.40625	-231.77077834147664	0.0	-7.32557367469269	2.4479596053848604e-13	-1.7303213505149568	0.04178643850770659	0	0.0	0.0	7.0598786905073e-11	0.9788777958649826	0.0
Fibroblasts	HMDB0000112	gamma-Aminobutyric acid	Myocyte	SLC6A13	1.243159344785556	0.9310344827586207	1.0	-940.4901103893599	0.0	-29.726049346161986	6.334453745578971e-140	-1.7303213505149568	0.04178643850770659	0	0.0	0.0	2.699673803546362e-136	0.9788777958649826	0.0
Myofibroblasts	HMDB0001358	Retinal	Malignant	RARG	0.693923717709662	0.65625	0.44047619047619047	-146.09006235876026	0.0	-4.617465249966892	2.195492590278705e-06	-1.7303213505149568	0.04178643850770659	0	0.0	0.0	0.0002885248950600781	0.9788777958649826	0.0
Malignant	HMDB0001220	Prostaglandin E2	CD8Tex	PTGER4	7.154716797647615	0.9642857142857143	0.4	-243.2548593368508	0.0	-7.688550759292211	1.7759459427069583e-14	-1.7303213505149568	0.04178643850770659	0	0.0	0.0	5.72436626255553e-12	0.9788777958649826	0.0
Myofibroblasts	HMDB0000538	Adenosine triphosphate	Plasma	P2RX1	0.030106910502930573	0.5625	0.5	-522.1890840168548	0.0	-16.504818400574006	1.3379252821780545e-54	-1.7303213505149568	0.04178643850770659	0	0.0	0.0	1.7696137947759875e-51	0.9788777958649826	0.0
Mono/Macro	HMDB0001452	Thromboxane A2	Endothelial	TBXA2R	6.504614781790252	1.0	0.8333333333333334	-1605.2305098561683	0.0	-50.736483904327876	5.051776585323809e-279	-1.7303213505149568	0.04178643850770659	0	0.0	0.0	1.9377099448326533e-274	0.9788777958649826	0.0
Mono/Macro	HMDB0001452	Thromboxane A2	CD8Tex	TBXA2R	2.4078290142163894	1.0	1.0	-479.72643918342084	0.0	-15.16270255932963	3.3982190262695443e-47	-1.7303213505149568	0.04178643850770659	0	0.0	0.0	4.0732964747069035e-44	0.9788777958649826	0.0
Mono/Macro	HMDB0001452	Thromboxane A2	Mast	TBXA2R	2.1934257836718984	1.0	1.0	-743.4217902579167	0.0	-23.497315472110646	7.578637145667231e-98	-1.7303213505149568	0.04178643850770659	0	0.0	0.0	1.7099634411550472e-94	0.9788777958649826	0.0
Mono/Macro	HMDB0001452	Thromboxane A2	Mono/Macro	TBXA2R	0.5401120025427808	1.0	1.0	-352.6592108898768	0.0	-11.146491589317238	1.4021290225781754e-27	-1.721669743762382	0.042564680608279434	0	0.0	0.0	9.435344371759837e-25	0.9788777958649826	0.0
Malignant	HMDB0002369	9-cis-Retinoic acid	CD8Tex	VDR	1.387961222156117	0.36904761904761907	0.26666666666666666	-155.54590823343375	0.0	-4.916335953629983	5.151481908697127e-07	-1.7303213505149568	0.04178643850770659	0	0.0	0.0	7.658736107437818e-05	0.9788777958649826	0.0
CD8Tex	HMDB0000286	Uridine diphosphate glucose	Mast	P2RY14	21.047630939413885	0.6666666666666666	0.5	-427.8107409414034	0.0	-13.52180427583385	1.1065496605066626e-38	-1.7303213505149568	0.04178643850770659	0	0.0	0.0	9.646346665466831e-36	0.9788777958649826	0.0
Myocyte	HMDB0000286	Uridine diphosphate glucose	Mast	P2RY14	47.32882646452936	1.0	0.5	-571.9654859813037	0.0	-18.078099995695762	1.0141181232124105e-63	-1.7303213505149568	0.04178643850770659	0	0.0	0.0	1.6207720355024345e-60	0.9788777958649826	0.0
Malignant	HMDB0000285	Uridine triphosphate	Mono/Macro	P2RY6	0.39257358535140674	0.4642857142857143	1.0	-100.06993830512344	0.0	-3.1629082446108683	0.0008045730585124875	-1.7303213505149568	0.04178643850770659	0	0.0	0.0	0.05580652586865006	0.9788777958649826	0.0
Mast	HMDB0000097	Choline	Myocyte	SLC22A1	0.8671710541459721	0.5	1.0	-823.9097508104674	0.0	-26.041296595066356	8.061426031490702e-115	-1.7303213505149568	0.04178643850770659	0	0.0	0.0	2.2086579877849205e-111	0.9788777958649826	0.0
Fibroblasts	HMDB0000097	Choline	Myocyte	SLC22A1	0.21203847956882946	0.6551724137931034	1.0	-830.342263762173	0.0	-26.24460888438226	3.4180262141089274e-116	-1.7303213505149568	0.04178643850770659	0	0.0	0.0	1.0085017807275086e-112	0.9788777958649826	0.0
Malignant	HMDB0000097	Choline	Myocyte	SLC22A1	0.1548590746636378	0.5	1.0	-772.3707235200784	0.0	-24.412303741698626	6.659181623448002e-104	-1.7303213505149568	0.04178643850770659	0	0.0	0.0	1.5964139345662187e-100	0.9788777958649826	0.0
Myocyte	HMDB0001256	Spermine	Myocyte	SLC22A1	2.329412919137912	1.0	1.0	-567.4909263960965	0.0	-17.93667269352334	6.976555278424112e-63	-1.7268607078139269	0.04209634127311807	0	0.0	0.0	1.0703989232580548e-59	0.9788777958649826	0.0
Mono/Macro	HMDB0001256	Spermine	Myocyte	SLC22A1	2.2564714503161376	1.0	1.0	-1501.9018196196912	0.0	-47.4705763621718	1.2998256385437975e-258	-1.7303213505149568	0.04178643850770659	0	0.0	0.0	2.492870600881222e-254	0.9788777958649826	0.0
Malignant	HMDB0001256	Spermine	Myocyte	SLC22A1	0.96888071960296	0.5833333333333334	1.0	-1000.0394287978199	0.0	-31.608223287158975	7.550011625615334e-153	-1.7303213505149568	0.04178643850770659	0	0.0	0.0	4.13708279891039e-149	0.9788777958649826	0.0
Endothelial	HMDB0000158	L-Tyrosine	Malignant	SLC7A5	1.7197932438613266	0.3333333333333333	0.5714285714285714	-176.76000149387266	0.0	-5.5868493127048815	1.4904914038444988e-08	-1.7303213505149568	0.04178643850770659	0	0.0	0.0	2.858538938863172e-06	0.9788777958649826	0.0
Malignant	HMDB0000112	gamma-Aminobutyric acid	Malignant	SLC6A8	0.9796739204910219	0.9642857142857143	0.30952380952380953	-136.18052190918553	0.0	-4.304254632281718	9.201848049971551e-06	-1.7303213505149568	0.04178643850770659	0	0.0	0.0	0.0010411660343739196	0.9788777958649826	0.0
Fibroblasts	HMDB0000112	gamma-Aminobutyric acid	Malignant	SLC6A8	0.842628335688615	0.9310344827586207	0.30952380952380953	-103.87202589138346	0.0	-3.2830807397376933	0.0005312009962628767	-1.7303213505149568	0.04178643850770659	0	0.0	0.0	0.03918322425702916	0.9788777958649826	0.0
Myocyte	HMDB0000068	Epinephrine	Myofibroblasts	ADRA2A	1.1779186659890595	1.0	0.28125	-238.29873455495715	0.0	-7.531902636994234	5.584146455651828e-14	-1.7303213505149568	0.04178643850770659	0	0.0	0.0	1.7413911024344485e-11	0.9788777958649826	0.0
Fibroblasts	HMDB0000248	Thyroxine	Myocyte	SLC16A2	3.899751716858289	0.6206896551724138	1.0	-625.3145786481173	0.0	-19.764303543896922	6.034815190151324e-74	-1.7303213505149568	0.04178643850770659	0	0.0	0.0	1.0521700284028833e-70	0.9788777958649826	0.0
Malignant	HMDB0000034	Adenine	Malignant	SLC35F5	2.3003925429661116	0.9166666666666666	0.44047619047619047	-188.62384823235203	0.0	-5.961829644435683	1.728025029032342e-09	-1.7303213505149568	0.04178643850770659	0	0.0	0.0	3.6219593463712317e-07	0.9788777958649826	0.0
Myocyte	HMDB0000068	Epinephrine	Myocyte	ADRA1A	0.5676045006861008	1.0	1.0	-32.78758712760093	4.424824112314797e-236	-1.0363165142620718	0.15015264095286285	-1.7268607078139269	0.04209634127311807	0	0.0	6.769963241964845e-235	0.9313593769267486	0.9788777958649826	0.0
Myocyte	HMDB0000068	Epinephrine	CD8Tex	ADRA1A	0.5196320540607369	1.0	0.8	-58.35455076041822	0.0	-1.8444109473508126	0.03270959672476727	-1.7303213505149568	0.04178643850770659	0	0.0	0.0	0.9313593769267486	0.9788777958649826	0.0
Myocyte	HMDB0000068	Epinephrine	Mast	ADRA1A	0.9106125027214151	1.0	1.0	-51.71482037969802	0.0	-1.6345491415091873	0.05122932252562825	-1.7303213505149568	0.04178643850770659	0	0.0	0.0	0.9313593769267486	0.9788777958649826	0.0
Myocyte	HMDB0000068	Epinephrine	CD4Tconv	ADRA1A	0.9369938318374427	1.0	1.0	-82.79742872233139	0.0	-2.6169764304235046	0.0045026277102525715	-1.7303213505149568	0.04178643850770659	0	0.0	0.0	0.23854598215767664	0.9788777958649826	0.0
Myocyte	HMDB0000068	Epinephrine	Myofibroblasts	ADRA1A	1.6442267366167407	1.0	0.625	-164.7181959973229	0.0	-5.206244242589758	1.1695386988001673e-07	-1.7303213505149568	0.04178643850770659	0	0.0	0.0	1.984955569463629e-05	0.9788777958649826	0.0
Mono/Macro	HMDB0001178	Adenosine diphosphate ribose	Plasma	CD38	8.010245739602624	1.0	0.75	-251.97788327694593	0.0	-7.964259176878521	2.2516760765111513e-15	-1.7303213505149568	0.04178643850770659	0	0.0	0.0	8.071732641751237e-13	0.9788777958649826	0.0
Malignant	HMDB0000538	Adenosine triphosphate	Plasma	P2RX1	0.02345841564231658	0.4880952380952381	0.5	-548.6584886526263	0.0	-17.34143626574297	2.1454180417373096e-59	-1.7303213505149568	0.04178643850770659	0	0.0	0.0	3.0478444380339993e-56	0.9788777958649826	0.0
Malignant	HMDB0000538	Adenosine triphosphate	Malignant	P2RX4	0.20721358477542265	0.4880952380952381	0.34523809523809523	-132.4474754992183	0.0	-4.186264320030316	1.542928300027722e-05	-1.7303213505149568	0.04178643850770659	0	0.0	0.0	0.0016350252026770366	0.9788777958649826	0.0
Myofibroblasts	HMDB0000538	Adenosine triphosphate	Myocyte	P2RX5	1.4186161022504962	0.5625	1.0	-981.1747003863616	0.0	-31.01196624897619	9.423021689167063e-149	-1.7303213505149568	0.04178643850770659	0	0.0	0.0	4.517985536642263e-145	0.9788777958649826	0.0
Malignant	HMDB0000538	Adenosine triphosphate	Myocyte	P2RX5	1.1053437768128327	0.4880952380952381	1.0	-1072.5433150426122	0.0	-33.89985195660764	1.4064626974456356e-168	-1.7303213505149568	0.04178643850770659	0	0.0	0.0	8.991281614320373e-165	0.9788777958649826	0.0
Malignant	HMDB0000244	Riboflavin	Malignant	SLC52A2	1.2606133136692483	0.8928571428571429	0.2857142857142857	-154.734861912587	0.0	-4.89070123117072	5.85192827083659e-07	-1.7303213505149568	0.04178643850770659	0	0.0	0.0	8.534692497508709e-05	0.9788777958649826	0.0
Myofibroblasts	HMDB0000131	Glycerol	Malignant	AQP3	0.1794809996697121	0.34375	0.2619047619047619	-102.75638317718497	0.0	-3.247818646060578	0.0006008334339597325	-1.7303213505149568	0.04178643850770659	0	0.0	0.0	0.04356553502153773	0.9788777958649826	0.0
Myofibroblasts	HMDB0000131	Glycerol	Plasma	AQP3	0.46570797679914333	0.34375	0.5	-37.647912139812256	1.76970746497066e-310	-1.1899366954371462	0.11717699168976732	-1.7303213505149568	0.04178643850770659	0	0.0	3.24167474851383e-309	0.9313593769267486	0.9788777958649826	0.0
Fibroblasts	HMDB0000248	Thyroxine	Mono/Macro	THRA	2.482473558454845	0.6206896551724138	1.0	-378.5081006771079	0.0	-11.96349685590172	3.1914674442769756e-31	-1.7303213505149568	0.04178643850770659	0	0.0	0.0	2.309719184153433e-28	0.9788777958649826	0.0
Malignant	HMDB0001852	all-trans-Retinoic acid	Malignant	RXRA	0.3119258357985601	0.35714285714285715	0.2857142857142857	-164.45889669399924	0.0	-5.1980485754574	1.2208589437200042e-07	-1.7303213505149568	0.04178643850770659	0	0.0	0.0	2.053880987029307e-05	0.9788777958649826	0.0
Mast	HMDB0000870	Histamine	Mast	HRH4	0.34083566673901666	1.0	0.5	-244.25642513509163	0.0	-7.720207226503348	1.4054644953597345e-14	-1.7303213505149568	0.04178643850770659	0	0.0	0.0	4.568593360043503e-12	0.9788777958649826	0.0
Myofibroblasts	HMDB0001358	Retinal	Malignant	RXRA	0.17325489867089763	0.65625	0.2857142857142857	-109.41047821917545	0.0	-3.458134475421476	0.0002834346352989011	-1.7303213505149568	0.04178643850770659	0	0.0	0.0	0.02209695590682917	0.9788777958649826	0.0
CD4Tconv	HMDB0015531	Iron	Malignant	TFRC	1.5327180721211593	1.0	0.7619047619047619	-121.16010620942629	0.0	-3.8295046977969607	6.819971674736131e-05	-1.7303213505149568	0.04178643850770659	0	0.0	0.0	0.006288308979034946	0.9788777958649826	0.0
Fibroblasts	HMDB0015531	Iron	Malignant	TFRC	1.4965753891340936	1.0	0.7619047619047619	-134.3209605133364	0.0	-4.245479517897642	1.1922708813121921e-05	-1.7303213505149568	0.04178643850770659	0	0.0	0.0	0.0013066266912711928	0.9788777958649826	0.0
Malignant	HMDB0015531	Iron	Malignant	TFRC	1.4126207075541404	0.9880952380952381	0.7619047619047619	-112.1634757147755	0.0	-3.5451484041167904	0.0002052884064435819	-1.7303213505149568	0.04178643850770659	0	0.0	0.0	0.016476959698603303	0.9788777958649826	0.0
Mast	HMDB0000870	Histamine	Mono/Macro	HRH2	10.428338403759199	1.0	1.0	-223.4564420628609	0.0	-7.062782638648296	1.527341326532271e-12	-1.7303213505149568	0.04178643850770659	0	0.0	0.0	4.1256500888590363e-10	0.9788777958649826	0.0
Mast	HMDB0000870	Histamine	Myofibroblasts	HRH2	11.673358890423913	1.0	0.46875	-812.9393530408843	0.0	-25.694555484401565	1.7485748924655392e-112	-1.7303213505149568	0.04178643850770659	0	0.0	0.0	4.471339143353379e-109	0.9788777958649826	0.0
Myofibroblasts	HMDB0000641	L-Glutamine	CD8T	SLC38A1	3.0303561379346027	0.84375	0.625	-146.08713469058253	0.0	-4.617372715225953	2.1964509569972314e-06	-1.7303213505149568	0.04178643850770659	0	0.0	0.0	0.0002885248950600781	0.9788777958649826	0.0
Malignant	HMDB0001220	Prostaglandin E2	CD4Tconv	PTGER4	9.028106473317635	0.9642857142857143	0.5	-262.2640846601398	0.0	-8.28937490805276	1.8213943720943654e-16	-1.7303213505149568	0.04178643850770659	0	0.0	0.0	6.849335679453291e-14	0.9788777958649826	0.0
Malignant	HMDB0006219	13-cis-Retinoic acid	Malignant	RXRA	0.39794443134611446	0.36904761904761907	0.2857142857142857	-177.75805724448895	0.0	-5.618394837921256	1.2493268926681825e-08	-1.7303213505149568	0.04178643850770659	0	0.0	0.0	2.4202238192966405e-06	0.9788777958649826	0.0
Fibroblasts	HMDB0000641	L-Glutamine	CD8T	SLC38A1	3.8010593204281022	0.7241379310344828	0.625	-203.3005111937834	0.0	-6.425714594005095	1.0141734315893825e-10	-1.7303213505149568	0.04178643850770659	0	0.0	0.0	2.3576151706347846e-08	0.9788777958649826	0.0
Fibroblasts	HMDB0000641	L-Glutamine	CD8Tex	SLC38A1	3.7830748797741127	0.7241379310344828	0.7333333333333333	-195.09820946469517	0.0	-6.166464631397782	5.062047506968161e-10	-1.7303213505149568	0.04178643850770659	0	0.0	0.0	1.1223407874264608e-07	0.9788777958649826	0.0
Malignant	HMDB0000641	L-Glutamine	CD8T	SLC38A1	4.1550785014257805	0.8690476190476191	0.625	-232.1630867755463	0.0	-7.337973358369578	2.2421563131242066e-13	-1.7303213505149568	0.04178643850770659	0	0.0	0.0	6.56506791622177e-11	0.9788777958649826	0.0
Malignant	HMDB0000641	L-Glutamine	CD8Tex	SLC38A1	4.1649059127320545	0.8690476190476191	0.7333333333333333	-238.7981878902082	0.0	-7.547688847105083	4.979861505627162e-14	-1.7303213505149568	0.04178643850770659	0	0.0	0.0	1.5786160972838105e-11	0.9788777958649826	0.0
Mono/Macro	HMDB0003178	Heme	Mono/Macro	TLR4	0.5563646907789943	1.0	1.0	-45.09384806142817	0.0	-1.425280221317159	0.07719428288320355	-1.721669743762382	0.042564680608279434	0	0.0	0.0	0.9313593769267486	0.9788777958649826	0.0
Malignant	HMDB0002369	9-cis-Retinoic acid	Malignant	RXRA	0.39794443134611446	0.36904761904761907	0.2857142857142857	-177.75805724448895	0.0	-5.618394837921256	1.2493268926681825e-08	-1.7303213505149568	0.04178643850770659	0	0.0	0.0	2.4202238192966405e-06	0.9788777958649826	0.0
Mast	HMDB0000870	Histamine	Mono/Macro	HRH1	19.253064518093765	1.0	1.0	-1175.7833168309496	0.0	-37.162956325017724	7.832238651938268e-191	-1.7303213505149568	0.04178643850770659	0	0.0	0.0	7.510529449309903e-187	0.9788777958649826	0.0
Fibroblasts	HMDB0000673	Linoleic acid	Malignant	TRPV4	0.22318876315977765	0.5862068965517241	0.2976190476190476	-120.06414179804914	0.0	-3.7948645757857418	7.830428175147914e-05	-1.7303213505149568	0.04178643850770659	0	0.0	0.0	0.007117339656733377	0.9788777958649826	0.0
Mono/Macro	HMDB0000641	L-Glutamine	CD8T	SLC38A1	8.646688410238706	1.0	0.625	-217.91865741527246	0.0	-6.8877500063174	5.006370749276559e-12	-1.7303213505149568	0.04178643850770659	0	0.0	0.0	1.3063221961224556e-09	0.9788777958649826	0.0
Mast	HMDB0000097	Choline	Mast	SLC44A1	9.551326062189958	0.5	1.0	-275.7366905326409	0.0	-8.715203252830952	5.94931691660209e-18	-1.7303213505149568	0.04178643850770659	0	0.0	0.0	2.4537413867753374e-15	0.9788777958649826	0.0
Mono/Macro	HMDB0000641	L-Glutamine	CD8Tex	SLC38A1	8.648199702519332	1.0	0.7333333333333333	-212.6545099730869	0.0	-6.721366218860991	1.5106676415896693e-11	-1.7303213505149568	0.04178643850770659	0	0.0	0.0	3.762641475873698e-09	0.9788777958649826	0.0
Fibroblasts	HMDB0000097	Choline	Mast	SLC44A1	2.3354661648473116	0.6551724137931034	1.0	-269.3694645888425	0.0	-8.513954488476418	3.051480574091226e-17	-1.7303213505149568	0.04178643850770659	0	0.0	0.0	1.2066560863960531e-14	0.9788777958649826	0.0
Malignant	HMDB0000097	Choline	Mast	SLC44A1	1.705672149375553	0.5	1.0	-290.52978596428574	0.0	-9.182768280815681	1.1796123700391011e-19	-1.7303213505149568	0.04178643850770659	0	0.0	0.0	5.45137249127588e-17	0.9788777958649826	0.0
Myofibroblasts	HMDB0000641	L-Glutamine	CD8Tex	SLC38A1	3.044405185837795	0.84375	0.7333333333333333	-150.23185672504218	0.0	-4.7483748494976945	1.1750221504280628e-06	-1.7303213505149568	0.04178643850770659	0	0.0	0.0	0.00016154238216476417	0.9788777958649826	0.0
Malignant	HMDB0000294	Urea	CD8T	SLC14A2	0.048755867657854696	0.36904761904761907	0.6875	-164.37669076520967	0.0	-5.195450294551784	1.2375791275188427e-07	-1.7303213505149568	0.04178643850770659	0	0.0	0.0	2.0729180172157312e-05	0.9788777958649826	0.0
Plasma	HMDB0001178	Adenosine diphosphate ribose	Plasma	CD38	14.221438244177307	0.75	0.75	-842.7881856733067	0.0	-26.637986852743534	7.456736520725621e-119	-1.7303213505149568	0.04178643850770659	0	0.0	0.0	2.6001640247770243e-115	0.9788777958649826	0.0
Malignant	HMDB0000187	L-Serine	CD8Tex	SLC1A5	1.0257471263437932	0.5952380952380952	0.3333333333333333	-149.7340246393438	0.0	-4.732639882184274	1.2677442398202163e-06	-1.7303213505149568	0.04178643850770659	0	0.0	0.0	0.00017243569435029801	0.9788777958649826	0.0
Malignant	HMDB0000187	L-Serine	Plasma	SLC3A2	3.218586647027447	0.5952380952380952	0.75	-129.0366974381255	0.0	-4.078459936089607	2.4471352642317155e-05	-1.7303213505149568	0.04178643850770659	0	0.0	0.0	0.002550673025275432	0.9788777958649826	0.0
Malignant	HMDB0000187	L-Serine	Malignant	SLC3A2	3.45417298405038	0.5952380952380952	0.9404761904761905	-156.87673213339085	0.0	-4.958399274109556	4.173769695365623e-07	-1.7303213505149568	0.04178643850770659	0	0.0	0.0	6.35290810337854e-05	0.9788777958649826	0.0
Mono/Macro	HMDB0000641	L-Glutamine	Mono/Macro	SLC7A7	34.85889318466434	1.0	1.0	-328.13944951572904	0.0	-10.37149605399759	2.625044928762913e-24	-1.721669743762382	0.042564680608279434	0	0.0	0.0	1.5490592051162933e-21	0.9788777958649826	0.0
Mast	HMDB0000168	L-Asparagine	Malignant	SLC1A5	17.04989277253901	0.5	0.6904761904761905	-204.75538239457097	0.0	-6.471698674676623	7.579396183410312e-11	-1.7303213505149568	0.04178643850770659	0	0.0	0.0	1.79458579880907e-08	0.9788777958649826	0.0
Myofibroblasts	HMDB0000574	L-Cysteine	Malignant	SLC7A11	0.2870227445587362	0.5	0.5	-133.45463893999465	0.0	-4.218097711800669	1.343763063541619e-05	-1.7303213505149568	0.04178643850770659	0	0.0	0.0	0.0014560090346967763	0.9788777958649826	0.0
CD4Tconv	HMDB0000574	L-Cysteine	Malignant	SLC7A11	0.6623537969757471	0.5	0.5	-167.4431112892981	0.0	-5.292370577719248	7.420727840067885e-08	-1.7303213505149568	0.04178643850770659	0	0.0	0.0	1.2938038989158357e-05	0.9788777958649826	0.0
Plasma	HMDB0000574	L-Cysteine	Malignant	SLC7A11	0.7966659460137158	0.75	0.5	-127.1728050532895	0.0	-4.019547932235967	3.134676154351793e-05	-1.7303213505149568	0.04178643850770659	0	0.0	0.0	0.003180867017261157	0.9788777958649826	0.0
Malignant	HMDB0000641	L-Glutamine	Mono/Macro	SLC7A7	17.847956592474752	0.8690476190476191	1.0	-321.76511158759	0.0	-10.170022501317138	1.7359199242994974e-23	-1.7303213505149568	0.04178643850770659	0	0.0	0.0	9.79186478475821e-21	0.9788777958649826	0.0
Malignant	HMDB0000187	L-Serine	Malignant	SLC1A5	1.2960813252436494	0.5952380952380952	0.6904761904761905	-198.47538354339815	0.0	-6.273206895037901	2.6297061668147644e-10	-1.7303213505149568	0.04178643850770659	0	0.0	0.0	5.933390555324348e-08	0.9788777958649826	0.0
Malignant	HMDB0000187	L-Serine	Plasma	SLC1A4	1.1696003697916184	0.5952380952380952	0.5	-478.62841875392115	0.0	-15.127997452800786	5.220351288138124e-47	-1.7303213505149568	0.04178643850770659	0	0.0	0.0	6.067788313912546e-44	0.9788777958649826	0.0
CD8Tex	HMDB0000296	Uridine	Myofibroblasts	SLC29A1	1.2400585109635298	0.7333333333333333	0.3125	-142.01697474187606	0.0	-4.488727263088309	3.999280865941998e-06	-1.7268607078139269	0.04209634127311807	1	0.001	0.0	0.0004916680005606962	0.9788777958649826	0.010027973856209151
Endothelial	HMDB0000158	L-Tyrosine	CD8Tex	SLC7A5	1.900821079169922	0.3333333333333333	0.4	-145.24562889824486	0.0	-4.590775260949953	2.4892079789688055e-06	-1.7268607078139269	0.04209634127311807	1	0.001	0.0	0.00032256267043684616	0.9788777958649826	0.010027973856209151
CD4Tconv	HMDB0000574	L-Cysteine	Mono/Macro	SLC43A2	2.7678786412008196	0.5	1.0	-472.9622598432291	0.0	-14.948907298080623	4.738223667325118e-46	-1.7268607078139269	0.04209634127311807	1	0.001	0.0	5.048445700210821e-43	0.9788777958649826	0.010027973856209151
Myocyte	HMDB0000068	Epinephrine	Endothelial	ADRA1A	0.4882959689460886	1.0	0.8333333333333334	-44.417231434830654	0.0	-1.40389441512049	0.08033053754796997	-1.7268607078139269	0.04209634127311807	1	0.001	0.0	0.9313593769267486	0.9788777958649826	0.010027973856209151
Myocyte	HMDB0000068	Epinephrine	Fibroblasts	ADRA1A	0.50150064502545	1.0	0.7241379310344828	-66.89698592478365	0.0	-2.114411499644965	0.017363677446884947	-1.7268607078139269	0.04209634127311807	1	0.001	0.0	0.6896299355730653	0.9788777958649826	0.010027973856209151
Endothelial	HMDB0000158	L-Tyrosine	Mast	SLC7A5	3.4942493988378454	0.3333333333333333	0.5	-117.94879284583942	0.0	-3.728004789975019	0.0001019208946086151	-1.7268607078139269	0.04209634127311807	1	0.001	0.0	0.008913697652194092	0.9788777958649826	0.010027973856209151
CD4Tconv	HMDB0000696	L-Methionine	Mono/Macro	SLC43A2	0.4474711032019122	0.4	1.0	-101.26579426050664	0.0	-3.200705636362176	0.0007070754102275008	-1.7268607078139269	0.04209634127311807	1	0.001	0.0	0.04967269507343635	0.9788777958649826	0.010027973856209151
Mono/Macro	HMDB0000641	L-Glutamine	Malignant	SLC7A5	3.8279771250356354	1.0	0.5714285714285714	-90.73031921575968	0.0	-2.8677111182850545	0.002110736537264815	-1.7268607078139269	0.04209634127311807	1	0.001	0.0	0.1287146603495493	0.9788777958649826	0.010027973856209151
Mono/Macro	HMDB0001220	Prostaglandin E2	Myocyte	SLC22A1	1.4772453074007164	1.0	1.0	-330.7706470343701	0.0	-10.454660253614975	1.1934308491251465e-24	-1.7268607078139269	0.04209634127311807	1	0.001	0.0	7.266099536490991e-22	0.9788777958649826	0.010027973856209151
Mast	HMDB0000168	L-Asparagine	Mono/Macro	SLC43A1	15.282960482771273	0.5	1.0	-532.4820842859842	0.0	-16.830149023980063	1.8937910679095163e-56	-1.7268607078139269	0.04209634127311807	1	0.001	0.0	2.5942908568501897e-53	0.9788777958649826	0.010027973856209151
Mast	HMDB0000673	Linoleic acid	Malignant	TRPV4	0.4131039664054914	1.0	0.2976190476190476	-66.88053520222907	0.0	-2.113891542034529	0.01738593080009266	-1.7268607078139269	0.04209634127311807	1	0.001	0.0	0.6896299355730653	0.9788777958649826	0.010027973856209151
Fibroblasts	HMDB0001220	Prostaglandin E2	Myocyte	SLC22A1	1.3485130452973104	0.8620689655172413	1.0	-478.50920158620585	0.0	-15.124229358515395	5.46924516057512e-47	-1.7268607078139269	0.04209634127311807	1	0.001	0.0	6.170112841887644e-44	0.9788777958649826	0.010027973856209151
Myocyte	HMDB0000068	Epinephrine	CD8T	ADRA1A	0.858425044735851	1.0	0.875	-85.6485993180885	0.0	-2.707093314043594	0.0034516581154757373	-1.7268607078139269	0.04209634127311807	1	0.001	0.0	0.19527323058304255	0.9788777958649826	0.010027973856209151
Myofibroblasts	HMDB0000574	L-Cysteine	Mono/Macro	SLC43A2	1.1994256360125528	0.5	1.0	-469.61339051907464	0.0	-14.843059662168253	1.7314752205849177e-45	-1.7268607078139269	0.04209634127311807	1	0.001	0.0	1.7949782442155592e-42	0.9788777958649826	0.010027973856209151
Myofibroblasts	HMDB0000122	D-Glucose	Myofibroblasts	SLC2A3	0.08892370613766504	0.4375	0.53125	-78.65656546311843	0.0	-2.486096260372473	0.006538910866238537	-1.7268607078139269	0.04209634127311807	1	0.001	0.0	0.32362968270491815	0.9788777958649826	0.010027973856209151
Myocyte	HMDB0000641	L-Glutamine	CD8Tex	SLC38A1	5.52153306848905	1.0	0.7333333333333333	-140.55119533868992	0.0	-4.442398407113779	4.944502619503887e-06	-1.7268607078139269	0.04209634127311807	1	0.001	0.0	0.0005908295544433352	0.9788777958649826	0.010027973856209151
Myofibroblasts	HMDB0000122	D-Glucose	Endothelial	SLC2A3	0.1472040958303667	0.4375	0.8333333333333334	-48.510827593735655	0.0	-1.533280615016299	0.06276166903088018	-1.7268607078139269	0.04209634127311807	1	0.001	0.0	0.9313593769267486	0.9788777958649826	0.010027973856209151
Myofibroblasts	HMDB0000122	D-Glucose	CD8Tex	SLC2A3	0.11209947587499065	0.4375	0.4666666666666667	-66.1392172129779	0.0	-2.090460721352582	0.018414362352972148	-1.7268607078139269	0.04209634127311807	1	0.001	0.0	0.7156227930830321	0.9788777958649826	0.010027973856209151
Myocyte	HMDB0000641	L-Glutamine	CD8T	SLC38A1	5.495329646871025	1.0	0.625	-137.71279278315993	0.0	-4.352685082648278	7.415783403826197e-06	-1.7268607078139269	0.04209634127311807	1	0.001	0.0	0.0008619612243047316	0.9788777958649826	0.010027973856209151
Myofibroblasts	HMDB0000122	D-Glucose	Fibroblasts	SLC2A3	0.09662776636624218	0.4375	0.5862068965517241	-75.18250982208482	0.0	-2.3762918634140364	0.008837652902255948	-1.7268607078139269	0.04209634127311807	1	0.001	0.0	0.4074349187161435	0.9788777958649826	0.010027973856209151
Myofibroblasts	HMDB0000112	gamma-Aminobutyric acid	Myocyte	SLC6A13	0.8706942077298147	0.84375	1.0	-689.5149589444044	0.0	-21.793483491296616	9.353663784914308e-87	-1.7268607078139269	0.04209634127311807	1	0.001	0.0	1.8883077989366218e-83	0.9788777958649826	0.010027973856209151
Mono/Macro	HMDB0000112	gamma-Aminobutyric acid	Myocyte	SLC6A13	1.197425854128209	1.0	1.0	-440.7878521037742	0.0	-13.931971530674597	9.46339779551648e-41	-1.7268607078139269	0.04209634127311807	1	0.001	0.0	9.07468873106564e-38	0.9788777958649826	0.010027973856209151
Malignant	HMDB0015531	Iron	Mono/Macro	SLC40A1	13.427556686972963	0.9880952380952381	1.0	-153.78343200588202	0.0	-4.860629407933347	6.79083608215542e-07	-1.7268607078139269	0.04209634127311807	1	0.001	0.0	9.792334571550205e-05	0.9788777958649826	0.010027973856209151
Fibroblasts	HMDB0000169	D-Mannose	CD4Tconv	SLC2A3	1.7614700371374328	0.6206896551724138	0.5	-119.21414703887156	0.0	-3.767998810929553	8.709569440746041e-05	-1.7268607078139269	0.04209634127311807	1	0.001	0.0	0.007787248369200371	0.9788777958649826	0.010027973856209151
Myofibroblasts	HMDB0000122	D-Glucose	Mast	SLC2A6	0.002297338680734887	0.4375	1.0	-10.437092276080786	8.393705015157433e-26	-0.3298849361645921	0.37077803265157216	-1.7268607078139269	0.04209634127311807	1	0.001	4.0114296444853435e-25	0.9313593769267486	0.9788777958649826	0.010027973856209151
Myofibroblasts	HMDB0000122	D-Glucose	CD4Tconv	SLC2A6	0.0020657271126404454	0.4375	0.3	-23.361587613851416	5.254331081857108e-121	-0.7383891638440895	0.23022571118045188	-1.7268607078139269	0.04209634127311807	1	0.001	5.375843619813099e-120	0.9313593769267486	0.9788777958649826	0.010027973856209151
Myocyte	HMDB0000641	L-Glutamine	Mono/Macro	SLC7A7	24.879813325469513	1.0	1.0	-334.3671640883327	0.0	-10.568335285642865	4.030826743695169e-25	-1.7268607078139269	0.04209634127311807	1	0.001	0.0	2.534597072260912e-22	0.9788777958649826	0.010027973856209151
Malignant	HMDB0000187	L-Serine	Mono/Macro	SLC43A1	1.1617644720944942	0.5952380952380952	1.0	-409.4519626421593	0.0	-12.941538791242369	7.889252633253478e-36	-1.7268607078139269	0.04209634127311807	1	0.001	0.0	6.304334651118825e-33	0.9788777958649826	0.010027973856209151
Endothelial	HMDB0000277	Sphingosine 1-phosphate	Endothelial	S1PR1	3.796979663646381	0.3333333333333333	1.0	-93.75823905257926	0.0	-2.963414511113139	0.0015573084201560173	-1.7268607078139269	0.04209634127311807	1	0.001	0.0	0.0990608276482991	0.9788777958649826	0.010027973856209151
CD8Tex	HMDB0000296	Uridine	Endothelial	SLC29A1	1.222584056643533	0.7333333333333333	0.3333333333333333	-119.94518159323741	0.0	-3.7911046033209614	7.94822308751691e-05	-1.7268607078139269	0.04209634127311807	1	0.001	0.0	0.007185768136003917	0.9788777958649826	0.010027973856209151
Endothelial	HMDB0000277	Sphingosine 1-phosphate	CD8T	S1PR1	1.2171686969442734	0.3333333333333333	0.375	-61.55458529109903	0.0	-1.9455543653598104	0.025994246318432043	-1.7268607078139269	0.04209634127311807	1	0.001	0.0	0.9039540399239328	0.9788777958649826	0.010027973856209151
Mast	HMDB0000870	Histamine	Malignant	SLC22A5	1.4305552030419566	1.0	0.2976190476190476	-183.56389620224104	0.0	-5.801899856684889	4.3976626108177215e-09	-1.7268607078139269	0.04209634127311807	1	0.001	0.0	8.97240131718805e-07	0.9788777958649826	0.010027973856209151
Malignant	HMDB0000641	L-Glutamine	Plasma	SLC38A2	2.2983190207606152	0.8690476190476191	1.0	-104.31566377508511	0.0	-3.2971027921517084	0.0005056506976976222	-1.7268607078139269	0.04209634127311807	1	0.001	0.0	0.03751497835897039	0.9788777958649826	0.010027973856209151
Malignant	HMDB0000641	L-Glutamine	Plasma	SLC38A5	7.989747347416382	0.8690476190476191	0.75	-161.60698496661982	0.0	-5.1079082669071285	1.9502143053223806e-07	-1.7268607078139269	0.04209634127311807	1	0.001	0.0	3.1298899627301484e-05	0.9788777958649826	0.010027973856209151
CD4Tconv	HMDB0000097	Choline	Myocyte	SLC22A1	0.23148591025758325	0.4	1.0	-519.667502108577	0.0	-16.42511881903897	3.76990394159491e-54	-1.7268607078139269	0.04209634127311807	1	0.001	0.0	4.8200735162585316e-51	0.9788777958649826	0.010027973856209151
Mono/Macro	HMDB0000097	Choline	Myocyte	SLC22A1	0.34308444074154787	1.0	1.0	-233.6488670771649	0.0	-7.384934382282087	1.6059080288777348e-13	-1.7268607078139269	0.04209634127311807	1	0.001	0.0	4.738293404897175e-11	0.9788777958649826	0.010027973856209151
Plasma	HMDB0000122	D-Glucose	Mono/Macro	SLC2A8	1.3787526136143151	0.5	1.0	-97.6189218950874	0.0	-3.0854390251601442	0.0010442268827059596	-1.7268607078139269	0.04209634127311807	1	0.001	0.0	0.07039263715281634	0.9788777958649826	0.010027973856209151
Mono/Macro	HMDB0001452	Thromboxane A2	Fibroblasts	TBXA2R	2.127915132418856	1.0	0.5862068965517241	-420.32102310786274	0.0	-13.285076936067895	1.6532580939996748e-37	-1.7268607078139269	0.04209634127311807	1	0.001	0.0	1.3785656676422941e-34	0.9788777958649826	0.010027973856209151
Myofibroblasts	HMDB0000122	D-Glucose	CD4Tconv	SLC2A4	0.0028091848598010634	0.4375	0.4	-27.225177591644258	1.635252718565539e-163	-0.8605055636493567	0.1948584415451552	-1.7268607078139269	0.04209634127311807	1	0.001	1.9699556697870094e-162	0.9313593769267486	0.9788777958649826	0.010027973856209151
Myofibroblasts	HMDB0000122	D-Glucose	Plasma	SLC2A4	0.0012894662360351525	0.4375	0.5	-18.429741427723933	3.792234592251764e-76	-0.5825084145655958	0.28017786036829473	-1.7268607078139269	0.04209634127311807	1	0.001	3.0115681626294186e-75	0.9313593769267486	0.9788777958649826	0.010027973856209151
Myofibroblasts	HMDB0000122	D-Glucose	CD8T	SLC2A6	0.0019520281277158066	0.4375	0.3125	-29.7868032661464	2.89545082814028e-195	-0.941470807584906	0.17334562095276895	-1.7234000651128971	0.042408101575283595	2	0.002	3.88596247078295e-194	0.9313593769267486	0.9788777958649826	0.0176597605893186
Myofibroblasts	HMDB0000122	D-Glucose	CD8T	SLC2A4	0.0025043776033842726	0.4375	0.625	-34.75287200691337	6.271190811973607e-265	-1.0984332283628948	0.1361400097207279	-1.7234000651128971	0.042408101575283595	2	0.002	1.0377224589079882e-263	0.9313593769267486	0.9788777958649826	0.0176597605893186
Plasma	HMDB0000097	Choline	Myocyte	SLC22A1	0.20530053236481827	0.5	1.0	-260.54879767998	0.0	-8.235159871816016	2.786685036019774e-16	-1.7234000651128971	0.042408101575283595	2	0.002	0.0	1.037756096374859e-13	0.9788777958649826	0.0176597605893186
CD8Tex	HMDB0000112	gamma-Aminobutyric acid	Myocyte	SLC6A13	0.42285899789320974	0.4666666666666667	1.0	-249.18147671818747	0.0	-7.875873218919678	4.395183909754197e-15	-1.7234000651128971	0.042408101575283595	2	0.002	0.0	1.51879341645443e-12	0.9788777958649826	0.0176597605893186
Plasma	HMDB0000123	Glycine	Mono/Macro	SLC36A1	2.795216677764696	0.75	1.0	-339.23319065001454	0.0	-10.722135675561272	9.146659121893567e-26	-1.7234000651128971	0.042408101575283595	2	0.002	0.0	5.847306732307858e-23	0.9788777958649826	0.0176597605893186
Mono/Macro	HMDB0000538	Adenosine triphosphate	Myocyte	P2RX5	1.468247934046758	1.0	1.0	-269.9458230658795	0.0	-8.532171437639649	2.635176240030028e-17	-1.7234000651128971	0.042408101575283595	2	0.002	0.0	1.0528901566544976e-14	0.9788777958649826	0.0176597605893186
Myofibroblasts	HMDB0000123	Glycine	Mono/Macro	SLC36A1	1.4115961517605264	0.53125	1.0	-276.51174336676667	0.0	-8.739700329981043	4.8650965516027905e-18	-1.7234000651128971	0.042408101575283595	2	0.002	0.0	2.0283750916285676e-15	0.9788777958649826	0.0176597605893186
CD8Tex	HMDB0001256	Spermine	Myocyte	SLC22A1	0.31996133574048197	0.26666666666666666	1.0	-248.1422220232759	0.0	-7.843025519615973	5.626296380338876e-15	-1.7234000651128971	0.042408101575283595	2	0.002	0.0	1.9268558058987345e-12	0.9788777958649826	0.0176597605893186
Endothelial	HMDB0000122	D-Glucose	Myofibroblasts	SLC2A4	0.3707119500262066	0.5	0.46875	-115.95226955008579	0.0	-3.664900723962282	0.0001302255857780212	-1.7234000651128971	0.042408101575283595	2	0.002	0.0	0.01110013954152791	0.9788777958649826	0.0176597605893186
Endothelial	HMDB0000538	Adenosine triphosphate	Myocyte	P2RX5	0.8944223069224222	0.5	1.0	-328.0842297828285	0.0	-10.369750725166432	2.668690458071596e-24	-1.7234000651128971	0.042408101575283595	2	0.002	0.0	1.550953937882609e-21	0.9788777958649826	0.0176597605893186
CD8T	HMDB0000296	Uridine	Myofibroblasts	SLC29A1	0.8680956113834628	0.5	0.3125	-104.88363929068618	0.0	-3.3150547812451174	0.0004746019127648263	-1.7234000651128971	0.042408101575283595	2	0.002	0.0	0.035555284312344615	0.9788777958649826	0.0176597605893186
CD8Tex	HMDB0001220	Prostaglandin E2	Myocyte	SLC22A1	0.7168912660975613	0.4	1.0	-256.1369553420538	0.0	-8.095714872239801	8.229880092704591e-16	-1.7234000651128971	0.042408101575283595	2	0.002	0.0	3.0064143877701903e-13	0.9788777958649826	0.0176597605893186
Mono/Macro	HMDB0000123	Glycine	Mono/Macro	SLC36A1	2.1972495991459873	1.0	1.0	-172.1430108914889	0.0	-5.440920196639634	3.333933679366482e-08	-1.7147484583603223	0.04319567747004071	2	0.002	0.0	6.148062218243277e-06	0.9788777958649826	0.0176597605893186
Myocyte	HMDB0000068	Epinephrine	Malignant	ADRA1A	0.37636709152842895	1.0	0.47619047619047616	-62.72850005118317	0.0	-1.982658262254592	0.023839598581182286	-1.7234000651128971	0.042408101575283595	2	0.002	0.0	0.8594130477240686	0.9788777958649826	0.0176597605893186
Myofibroblasts	HMDB0000122	D-Glucose	CD8Tex	SLC2A6	0.001658954896575912	0.4375	0.26666666666666666	-27.888351343975273	1.8469789468835254e-171	-0.8814664812274372	0.1891387061765336	-1.7234000651128971	0.042408101575283595	2	0.002	2.286784101536843e-170	0.9313593769267486	0.9788777958649826	0.0176597605893186
Plasma	HMDB0001220	Prostaglandin E2	Myocyte	SLC22A1	0.786897385462163	0.5	1.0	-284.5180808492336	0.0	-8.992756455140407	5.923566236361874e-19	-1.7234000651128971	0.042408101575283595	2	0.002	0.0	2.611611840553246e-16	0.9788777958649826	0.0176597605893186
Malignant	HMDB0000286	Uridine diphosphate glucose	Mast	P2RY14	12.228473117149685	0.6071428571428571	0.5	-285.4107327341929	0.0	-9.020970482792716	4.669631670814711e-19	-1.7234000651128971	0.042408101575283595	2	0.002	0.0	2.0827100232260448e-16	0.9788777958649826	0.0176597605893186
Mast	HMDB0000870	Histamine	CD8Tex	HRH4	0.41812669191054974	1.0	0.4	-172.15657662781572	0.0	-5.441348968556547	3.3261487124877044e-08	-1.7234000651128971	0.042408101575283595	2	0.002	0.0	6.148062218243277e-06	0.9788777958649826	0.0176597605893186
Mast	HMDB0000870	Histamine	CD4Tconv	HRH4	0.46144704869602426	1.0	0.7	-174.4706716534531	0.0	-5.5144905169512715	2.226969721535087e-08	-1.7234000651128971	0.042408101575283595	2	0.002	0.0	4.157664020468088e-06	0.9788777958649826	0.0176597605893186
Myocyte	HMDB0000068	Epinephrine	Plasma	ADRA1A	0.22308391397855454	1.0	0.5	-22.343702369856857	6.95145768754837e-111	-0.7062168882853535	0.24010896624996314	-1.7234000651128971	0.042408101575283595	2	0.002	6.776037166996006e-110	0.9313593769267486	0.9788777958649826	0.0176597605893186
Malignant	HMDB0000244	Riboflavin	CD4Tconv	SLC52A1	1.739436477126945	0.8928571428571429	0.4	-162.64436110984016	0.0	-5.140696590870608	1.6460918351624497e-07	-1.7234000651128971	0.042408101575283595	2	0.002	0.0	2.6867721072904716e-05	0.9788777958649826	0.0176597605893186
Fibroblasts	HMDB0001220	Prostaglandin E2	CD4Tconv	PTGER4	5.041459841002075	0.8620689655172413	0.5	-128.56738013351162	0.0	-4.063626234807856	2.605332296656054e-05	-1.7234000651128971	0.042408101575283595	2	0.002	0.0	0.002700884618995575	0.9788777958649826	0.0176597605893186
Myofibroblasts	HMDB0000122	D-Glucose	CD8Tex	SLC2A1	0.01922450304059427	0.4375	0.3333333333333333	-62.79706167526446	0.0	-1.984825287934267	0.023718548246433806	-1.7234000651128971	0.042408101575283595	2	0.002	0.0	0.8582758066872278	0.9788777958649826	0.0176597605893186
Myofibroblasts	HMDB0000122	D-Glucose	Endothelial	SLC2A1	0.061973211234310016	0.4375	0.5	-48.76707738294321	0.0	-1.541379896225937	0.061770517432992424	-1.7234000651128971	0.042408101575283595	2	0.002	0.0	0.9313593769267486	0.9788777958649826	0.0176597605893186
Myofibroblasts	HMDB0000122	D-Glucose	CD4Tconv	SLC2A1	0.0959111118784418	0.4375	0.4	-59.6736481653561	0.0	-1.8861036287712936	0.02978543657663876	-1.7234000651128971	0.042408101575283595	2	0.002	0.0	0.9313593769267486	0.9788777958649826	0.0176597605893186
Endothelial	HMDB0000277	Sphingosine 1-phosphate	Myofibroblasts	S1PR3	0.8409336878436335	0.3333333333333333	0.375	-78.89519281854797	0.0	-2.493638549721913	0.006402472952679795	-1.7234000651128971	0.042408101575283595	2	0.002	0.0	0.31934935636663053	0.9788777958649826	0.0176597605893186
Mono/Macro	HMDB0000244	Riboflavin	CD4Tconv	SLC52A1	3.905185999291234	1.0	0.4	-176.25044095206533	0.0	-5.57074364434825	1.6304894383157457e-08	-1.7234000651128971	0.042408101575283595	2	0.002	0.0	3.1114767853471172e-06	0.9788777958649826	0.0176597605893186
Myofibroblasts	HMDB0000169	D-Mannose	CD8T	SLC2A3	0.995124771556727	0.40625	0.6875	-87.4674737318749	0.0	-2.764582435918892	0.002902240972988759	-1.7234000651128971	0.042408101575283595	2	0.002	0.0	0.16892451745209383	0.9788777958649826	0.0176597605893186
Mono/Macro	HMDB0001452	Thromboxane A2	CD4Tconv	TBXA2R	3.0316464603028948	1.0	1.0	-399.55295522219575	0.0	-12.62866109078252	2.506040598762725e-34	-1.7234000651128971	0.042408101575283595	2	0.002	0.0	1.88478822052435e-31	0.9788777958649826	0.0176597605893186
Fibroblasts	HMDB0000169	D-Mannose	CD8Tex	SLC2A3	1.2400486152855201	0.6206896551724138	0.4666666666666667	-91.06305424433413	0.0	-2.8782278667009478	0.0020421954602983686	-1.7234000651128971	0.042408101575283595	2	0.002	0.0	0.1251317751927548	0.9788777958649826	0.0176597605893186
Endothelial	HMDB0015531	Iron	Mono/Macro	SLC40A1	13.48257084874289	1.0	1.0	-153.40538107077697	0.0	-4.8486803606991975	7.202843339792071e-07	-1.7234000651128971	0.042408101575283595	2	0.002	0.0	0.00010194814095365477	0.9788777958649826	0.0176597605893186
Mast	HMDB0000112	gamma-Aminobutyric acid	Myocyte	SLC6A13	0.6875905960293593	0.5	1.0	-302.59133283247206	0.0	-9.563997316011283	4.260576683414924e-21	-1.7234000651128971	0.042408101575283595	2	0.002	0.0	2.1503018400756082e-18	0.9788777958649826	0.0176597605893186
Mono/Macro	HMDB0001514	Glucosamine	Myofibroblasts	SLC2A4	6.130871570891294	1.0	0.46875	-268.6761821579566	0.0	-8.492041926585888	3.639007891499309e-17	-1.7234000651128971	0.042408101575283595	2	0.002	0.0	1.4177507432515163e-14	0.9788777958649826	0.0176597605893186
Mono/Macro	HMDB0000214	Ornithine	Plasma	SLC7A1	2.048703934313121	1.0	0.5	-52.26204781839395	0.0	-1.6518453466117748	0.049440169196525115	-1.7234000651128971	0.042408101575283595	2	0.002	0.0	0.9313593769267486	0.9788777958649826	0.0176597605893186
CD4Tconv	HMDB0000112	gamma-Aminobutyric acid	Myocyte	SLC6A13	0.543815696981406	0.5	1.0	-436.4979491606893	0.0	-13.796380666754056	4.615708023370493e-40	-1.7234000651128971	0.042408101575283595	2	0.002	0.0	4.318163723229805e-37	0.9788777958649826	0.0176597605893186
Mono/Macro	HMDB0000214	Ornithine	Myocyte	SLC7A1	4.094295632385041	1.0	1.0	-53.69171470199518	0.0	-1.6970327950081332	0.045000974823474336	-1.7234000651128971	0.042408101575283595	2	0.002	0.0	0.9313593769267486	0.9788777958649826	0.0176597605893186
Malignant	HMDB0000112	gamma-Aminobutyric acid	CD8Tex	SLC6A6	2.787106460964334	0.9642857142857143	0.26666666666666666	-115.63057944346586	0.0	-3.654733072141257	0.00013542496851949421	-1.7234000651128971	0.042408101575283595	2	0.002	0.0	0.011492246720137697	0.9788777958649826	0.0176597605893186
Plasma	HMDB0000574	L-Cysteine	Mono/Macro	SLC43A2	3.329149264655232	0.75	1.0	-401.7822975873852	0.0	-12.699123863782528	1.1561313217625575e-34	-1.7234000651128971	0.042408101575283595	2	0.002	0.0	8.869145821769283e-32	0.9788777958649826	0.0176597605893186
CD8T	HMDB0000112	gamma-Aminobutyric acid	Myocyte	SLC6A13	0.4328030682122397	0.5	1.0	-234.8197186285508	0.0	-7.421941460409815	1.2329242819179035e-13	-1.7234000651128971	0.042408101575283595	2	0.002	0.0	3.6946309907441425e-11	0.9788777958649826	0.0176597605893186
Myofibroblasts	HMDB0001220	Prostaglandin E2	Myocyte	SLC22A1	0.765506595082302	0.5625	1.0	-254.90942707775025	0.0	-8.056916414546938	1.1092701169217426e-15	-1.7234000651128971	0.042408101575283595	2	0.002	0.0	4.01398810139314e-13	0.9788777958649826	0.0176597605893186
Fibroblasts	HMDB0000169	D-Mannose	Fibroblasts	SLC2A3	1.0688999832096793	0.6206896551724138	0.5862068965517241	-89.63506164241582	0.0	-2.8330933372873375	0.0023513686366756375	-1.7234000651128971	0.042408101575283595	2	0.002	0.0	0.14181045093862804	0.9788777958649826	0.0176597605893186
Endothelial	HMDB0000112	gamma-Aminobutyric acid	Myocyte	SLC6A13	1.0075103393734275	1.0	1.0	-512.5890847598562	0.0	-16.201391444262313	6.801644965612005e-53	-1.7234000651128971	0.042408101575283595	2	0.002	0.0	8.415828901483214e-50	0.9788777958649826	0.0176597605893186
Plasma	HMDB0000122	D-Glucose	Malignant	SLC2A1	2.455288587005652	0.5	0.8928571428571429	-99.16961103612317	0.0	-3.1344516212712343	0.0008859953284448431	-1.7199394224118671	0.04272172679214668	3	0.003	0.0	0.06068593359492652	0.9788777958649826	0.024023173277661795
Fibroblasts	HMDB0000641	L-Glutamine	Mono/Macro	SLC7A7	16.400269407548976	0.7241379310344828	1.0	-282.3348777862247	0.0	-8.923752006006087	1.0570659722591342e-18	-1.7199394224118671	0.04272172679214668	3	0.003	0.0	4.555716797521754e-16	0.9788777958649826	0.024023173277661795
Fibroblasts	HMDB0000169	D-Mannose	Myofibroblasts	SLC2A3	0.9836773794110948	0.6206896551724138	0.53125	-82.18259454874583	0.0	-2.597543380802022	0.004763714013660407	-1.7199394224118671	0.04272172679214668	3	0.003	0.0	0.2489832890291907	0.9788777958649826	0.024023173277661795
Fibroblasts	HMDB0000574	L-Cysteine	Malignant	SLC7A11	0.21766185300965998	0.3793103448275862	0.5	-97.22757350166778	0.0	-3.0730696854660624	0.0010880679453217667	-1.7199394224118671	0.04272172679214668	3	0.003	0.0	0.07270909787231185	0.9788777958649826	0.024023173277661795
CD4Tconv	HMDB0015531	Iron	Mast	SLC11A2	9.29071386819073	1.0	0.5	-136.57069124357477	0.0	-4.3165867054840765	8.711611732658092e-06	-1.7199394224118671	0.04272172679214668	3	0.003	0.0	0.0009974665409837804	0.9788777958649826	0.024023173277661795
Mono/Macro	HMDB0000641	L-Glutamine	Myofibroblasts	SLC38A2	3.481597104021602	1.0	0.9375	-80.32182949839434	0.0	-2.5387302225376973	0.005638181181182029	-1.7199394224118671	0.04272172679214668	3	0.003	0.0	0.28726455821614844	0.9788777958649826	0.024023173277661795
Malignant	HMDB0000538	Adenosine triphosphate	Mono/Macro	P2RY6	0.7165767497311796	0.4880952380952381	1.0	-249.95989216104428	0.0	-7.900476577966796	3.650885988273859e-15	-1.7199394224118671	0.04272172679214668	3	0.003	0.0	1.2730639441110947e-12	0.9788777958649826	0.024023173277661795
Mono/Macro	HMDB0001452	Thromboxane A2	Malignant	TBXA2R	1.782571849816783	1.0	0.5952380952380952	-348.90655155550456	0.0	-11.027881371814058	4.5645276311106154e-27	-1.7199394224118671	0.04272172679214668	3	0.003	0.0	3.0186480404570668e-24	0.9788777958649826	0.024023173277661795
Plasma	HMDB0000169	D-Mannose	CD4Tconv	SLC2A1	5.300539103849644	1.0	0.4	-83.76364839379217	0.0	-2.647515713416269	0.004118124831476935	-1.7199394224118671	0.04272172679214668	3	0.003	0.0	0.22469262327305947	0.9788777958649826	0.024023173277661795
Mast	HMDB0000097	Choline	Endothelial	SLC44A2	5.030783463625994	0.5	0.6666666666666666	-119.93146292079786	0.0	-3.790670997555843	7.961914273279101e-05	-1.7199394224118671	0.04272172679214668	3	0.003	0.0	0.007185768136003917	0.9788777958649826	0.024023173277661795
CD8T	HMDB0015531	Iron	Malignant	TFRC	1.3443622009168747	1.0	0.7619047619047619	-85.49070147052106	0.0	-2.702102640397381	0.0035035102530861723	-1.7199394224118671	0.04272172679214668	3	0.003	0.0	0.1976237393788622	0.9788777958649826	0.024023173277661795
Myofibroblasts	HMDB0015531	Iron	Malignant	TFRC	1.3061151042478738	1.0	0.7619047619047619	-83.50016612767395	0.0	-2.6391878354748135	0.004219945607994045	-1.7199394224118671	0.04272172679214668	3	0.003	0.0	0.22862210972574518	0.9788777958649826	0.024023173277661795
Myofibroblasts	HMDB0000122	D-Glucose	CD8Tex	SLC2A4	0.001022630472388647	0.4375	0.26666666666666666	-35.09790899794107	3.6272575532815984e-270	-1.109338804623866	0.1337755107270034	-1.7199394224118671	0.04272172679214668	3	0.003	6.072925271550514e-269	0.9313593769267486	0.9788777958649826	0.024023173277661795
Mono/Macro	HMDB0000574	L-Cysteine	Mono/Macro	SLC43A2	2.2160658222872165	1.0	1.0	-140.36866344850029	0.0	-4.436629125847466	5.076190662823692e-06	-1.7112878156592923	0.04351399724710323	3	0.003	0.0	0.0006046815069997775	0.9788777958649826	0.024023173277661795
Myofibroblasts	HMDB0000660	D-Fructose	Mono/Macro	SLC2A5	0.6455357700835681	0.5	1.0	-140.02319741214905	0.0	-4.425709988760793	5.3346660761512565e-06	-1.7199394224118671	0.04272172679214668	3	0.003	0.0	0.0006315487243300423	0.9788777958649826	0.024023173277661795
CD8T	HMDB0001220	Prostaglandin E2	Myocyte	SLC22A1	0.6165037038298041	0.375	1.0	-217.26446424862456	0.0	-6.867072937905025	5.750247019908323e-12	-1.7199394224118671	0.04272172679214668	3	0.003	0.0	1.4902853036663753e-09	0.9788777958649826	0.024023173277661795
Fibroblasts	HMDB0000641	L-Glutamine	Plasma	SLC38A5	7.287774470946378	0.7241379310344828	0.75	-142.94706037002	0.0	-4.518124458202803	3.4920442243117027e-06	-1.7199394224118671	0.04272172679214668	3	0.003	0.0	0.00043392380811392903	0.9788777958649826	0.024023173277661795
CD8T	HMDB0000696	L-Methionine	Mono/Macro	SLC43A2	0.4124971409926002	0.375	1.0	-146.8129029361842	0.0	-4.6403120555170485	1.970758601396484e-06	-1.7199394224118671	0.04272172679214668	3	0.003	0.0	0.00026247356831168384	0.9788777958649826	0.024023173277661795
Mono/Macro	HMDB0001452	Thromboxane A2	Myofibroblasts	TBXA2R	1.5109356051752343	1.0	0.71875	-275.0097069190857	0.0	-8.692225498432835	7.181872927191674e-18	-1.7199394224118671	0.04272172679214668	3	0.003	0.0	2.930586168811607e-15	0.9788777958649826	0.024023173277661795
Fibroblasts	HMDB0000538	Adenosine triphosphate	Myocyte	P2RX5	0.5554970496840614	0.41379310344827586	1.0	-431.5398662817271	0.0	-13.63967065492697	2.8444105653674007e-39	-1.7199394224118671	0.04272172679214668	3	0.003	0.0	2.537280373390637e-36	0.9788777958649826	0.024023173277661795
Endothelial	HMDB0000131	Glycerol	Plasma	AQP3	1.168175292696016	0.8333333333333334	0.5	-44.875766920258634	0.0	-1.4183873356905479	0.07819479099539323	-1.7199394224118671	0.04272172679214668	3	0.003	0.0	0.9313593769267486	0.9788777958649826	0.024023173277661795
Fibroblasts	HMDB0000248	Thyroxine	Myocyte	THRB	1.8285540794736483	0.6206896551724138	1.0	-307.10515508485696	0.0	-9.706665592404603	1.1952982224874486e-21	-1.7199394224118671	0.04272172679214668	3	0.003	0.0	6.280555331500146e-19	0.9788777958649826	0.024023173277661795
CD8T	HMDB0000696	L-Methionine	Mono/Macro	SLC43A1	0.3632323717416433	0.375	1.0	-97.88072414238368	0.0	-3.0937138027852336	0.001015810548174572	-1.7199394224118671	0.04272172679214668	3	0.003	0.0	0.06896184990501249	0.9788777958649826	0.024023173277661795
Myocyte	HMDB0000574	L-Cysteine	Mono/Macro	SLC43A2	1.3759104411084522	1.0	1.0	-69.84182722659395	0.0	-2.207489031122663	0.013753289020670523	-1.7164787797108372	0.043037224300982974	4	0.004	0.0	0.5746567614007182	0.9788777958649826	0.029803418803418805
Mast	HMDB0000870	Histamine	CD8T	HRH4	0.2332567147173048	1.0	0.3125	-114.31417263151049	0.0	-3.6131254322314534	0.00015880032250364189	-1.7164787797108372	0.043037224300982974	4	0.004	0.0	0.013212806876946186	0.9788777958649826	0.029803418803418805
Fibroblasts	HMDB0001220	Prostaglandin E2	CD8Tex	PTGER4	3.991149664664067	0.8620689655172413	0.4	-114.10913303894242	0.0	-3.606644750532345	0.00016276501235997485	-1.7164787797108372	0.043037224300982974	4	0.004	0.0	0.013484184836050876	0.9788777958649826	0.029803418803418805
Endothelial	HMDB0000034	Adenine	Malignant	SLC35F5	2.2135380628687766	1.0	0.44047619047619047	-96.2722352742222	0.0	-3.04287433202469	0.0012022803023515438	-1.7164787797108372	0.043037224300982974	4	0.004	0.0	0.07951011302982443	0.9788777958649826	0.029803418803418805
Myofibroblasts	HMDB0000089	Cytidine	Myofibroblasts	SLC29A1	0.38340156188228897	0.34375	0.3125	-87.58857613839794	0.0	-2.768410116904025	0.0028686301853750036	-1.7164787797108372	0.043037224300982974	4	0.004	0.0	0.16722195747785565	0.9788777958649826	0.029803418803418805
Endothelial	HMDB0015531	Iron	Malignant	TFRC	1.4221309670609985	1.0	0.7619047619047619	-87.6343620804749	0.0	-2.7698572721250145	0.0028560146044320877	-1.7164787797108372	0.043037224300982974	4	0.004	0.0	0.16673995765936314	0.9788777958649826	0.029803418803418805
Fibroblasts	HMDB0000089	Cytidine	Myofibroblasts	SLC29A1	0.42270582104015414	0.5172413793103449	0.3125	-87.20288537199234	0.0	-2.7562195976971986	0.002976915105516082	-1.7164787797108372	0.043037224300982974	4	0.004	0.0	0.17196616370825354	0.9788777958649826	0.029803418803418805
Fibroblasts	HMDB0000696	L-Methionine	Mono/Macro	SLC43A1	0.5258546386867873	0.4827586206896552	1.0	-154.46199920994832	0.0	-4.882076865987329	6.107573868045045e-07	-1.7164787797108372	0.043037224300982974	4	0.004	0.0	8.873795865780447e-05	0.9788777958649826	0.029803418803418805
Fibroblasts	HMDB0000660	D-Fructose	Mono/Macro	SLC2A8	0.5894627743241715	0.5517241379310345	1.0	-105.72803072007794	0.0	-3.341743441785296	0.0004316984869923065	-1.7164787797108372	0.043037224300982974	4	0.004	0.0	0.03272462226396028	0.9788777958649826	0.029803418803418805
Mono/Macro	HMDB0000641	L-Glutamine	Mono/Macro	SLC43A1	22.525204877996998	1.0	1.0	-157.4451536850062	0.0	-4.976365361053039	3.8131026520146067e-07	-1.7078271729582624	0.043834207754631475	4	0.004	0.0	5.850367136932971e-05	0.9788777958649826	0.029803418803418805
Myofibroblasts	HMDB0000641	L-Glutamine	Malignant	SLC1A5	1.598896900590421	0.84375	0.6904761904761905	-97.59949914016687	0.0	-3.08482513059089	0.001046363879149385	-1.7164787797108372	0.043037224300982974	4	0.004	0.0	0.07041294616233854	0.9788777958649826	0.029803418803418805
Plasma	HMDB0000122	D-Glucose	Malignant	SLC2A9	0.2926013699223566	0.5	0.34523809523809523	-96.05901583289707	0.0	-3.0361351100335434	0.0012292269165720042	-1.7164787797108372	0.043037224300982974	4	0.004	0.0	0.08096513760889282	0.9788777958649826	0.029803418803418805
Fibroblasts	HMDB0015531	Iron	Mast	SLC11A2	9.052486316783842	1.0	0.5	-132.69394854191245	0.0	-4.1940545878371625	1.4917418883078437e-05	-1.7164787797108372	0.043037224300982974	4	0.004	0.0	0.001598288927648714	0.9788777958649826	0.029803418803418805
Mast	HMDB0002183	Docosahexaenoic acid	CD8Tex	FFAR4	0.07547545196968736	1.0	0.26666666666666666	-153.56117638804628	0.0	-4.853604579718499	7.030218988671787e-07	-1.7164787797108372	0.043037224300982974	4	0.004	0.0	0.00010061869766734468	0.9788777958649826	0.029803418803418805
Malignant	HMDB0002183	Docosahexaenoic acid	CD8Tex	FFAR4	0.037461899975351765	0.7619047619047619	0.26666666666666666	-124.67661974035596	0.0	-3.940651060307449	4.3457906691250265e-05	-1.7164787797108372	0.043037224300982974	4	0.004	0.0	0.004252333997337466	0.9788777958649826	0.029803418803418805
Endothelial	HMDB0000122	D-Glucose	Mono/Macro	SLC2A8	0.7982020510862027	0.5	1.0	-66.98950923015609	0.0	-2.1173358816355754	0.017238971909748553	-1.7164787797108372	0.043037224300982974	4	0.004	0.0	0.686793484452157	0.9788777958649826	0.029803418803418805
Mast	HMDB0001999	Eicosapentaenoic acid	CD8Tex	FFAR4	0.07547545196968736	1.0	0.26666666666666666	-153.56117638804628	0.0	-4.853604579718499	7.030218988671787e-07	-1.7164787797108372	0.043037224300982974	4	0.004	0.0	0.00010061869766734468	0.9788777958649826	0.029803418803418805
Mast	HMDB0015531	Iron	Mono/Macro	SLC40A1	13.729832189666167	1.0	1.0	-153.51679017910556	0.0	-4.852201665830639	7.078989661235617e-07	-1.7164787797108372	0.043037224300982974	4	0.004	0.0	0.00010094007674201284	0.9788777958649826	0.029803418803418805
Myocyte	HMDB0000641	L-Glutamine	Plasma	SLC38A5	10.671218979595462	1.0	0.75	-153.43604041916052	0.0	-4.849649410020294	7.168552723116752e-07	-1.7164787797108372	0.043037224300982974	4	0.004	0.0	0.00010183858400021824	0.9788777958649826	0.029803418803418805
Mono/Macro	HMDB0001452	Thromboxane A2	CD8T	TBXA2R	1.819976074145302	1.0	0.875	-205.4933283732833	0.0	-6.495022916298823	6.534011678015778e-11	-1.7164787797108372	0.043037224300982974	4	0.004	0.0	1.576258402098435e-08	0.9788777958649826	0.029803418803418805
Mono/Macro	HMDB0000286	Uridine diphosphate glucose	Mast	P2RY14	23.05289717224923	1.0	0.5	-215.6212887179369	0.0	-6.815137126597646	8.130310500066247e-12	-1.7164787797108372	0.043037224300982974	4	0.004	0.0	2.0790287990069403e-09	0.9788777958649826	0.029803418803418805
Mono/Macro	HMDB0002369	9-cis-Retinoic acid	Mono/Macro	VDR	2.585647379596665	1.0	1.0	-268.0253645482354	0.0	-8.471471549323857	4.291614933538374e-17	-1.7078271729582624	0.043834207754631475	4	0.004	0.0	1.646134740057314e-14	0.9788777958649826	0.029803418803418805
Myofibroblasts	HMDB0015531	Iron	Mono/Macro	SLC40A1	12.451529114916331	1.0	1.0	-142.0984227533485	0.0	-4.491301588518671	3.9521856075482345e-06	-1.7164787797108372	0.043037224300982974	4	0.004	0.0	0.00048744046092838466	0.9788777958649826	0.029803418803418805
Endothelial	HMDB0000122	D-Glucose	CD8T	SLC2A3	1.337102810082015	0.5	0.6875	-91.18685656911481	0.0	-2.8821408839405187	0.002017213843378987	-1.7164787797108372	0.043037224300982974	4	0.004	0.0	0.12379883422478051	0.9788777958649826	0.029803418803418805
Mono/Macro	HMDB0000641	L-Glutamine	Plasma	SLC38A2	4.77052242499524	1.0	1.0	-109.7747905195377	0.0	-3.4696492859424493	0.00027169749122700997	-1.7164787797108372	0.043037224300982974	4	0.004	0.0	0.02122505228308436	0.9788777958649826	0.029803418803418805
Myofibroblasts	HMDB0000538	Adenosine triphosphate	Mono/Macro	P2RY6	0.9196662042989967	0.5625	1.0	-236.88749195801404	0.0	-7.487297524603676	7.709304496541991e-14	-1.7164787797108372	0.043037224300982974	4	0.004	0.0	2.346871369633819e-11	0.9788777958649826	0.029803418803418805
Mast	HMDB0000097	Choline	Myofibroblasts	SLC44A2	2.9628499844412914	0.5	0.46875	-80.71292615021459	0.0	-2.5510916054408237	0.0054433539132319455	-1.7164787797108372	0.043037224300982974	4	0.004	0.0	0.27913198669764405	0.9788777958649826	0.029803418803418805
Malignant	HMDB0001999	Eicosapentaenoic acid	CD8Tex	FFAR4	0.037461899975351765	0.7619047619047619	0.26666666666666666	-124.67661974035596	0.0	-3.940651060307449	4.3457906691250265e-05	-1.7164787797108372	0.043037224300982974	4	0.004	0.0	0.004252333997337466	0.9788777958649826	0.029803418803418805
Endothelial	HMDB0001220	Prostaglandin E2	Myocyte	SLC22A1	0.6340431135078021	0.5	1.0	-196.0825906257824	0.0	-6.197577944176591	4.1866526194060665e-10	-1.7164787797108372	0.043037224300982974	4	0.004	0.0	9.33647875131154e-08	0.9788777958649826	0.029803418803418805
Mast	HMDB0000168	L-Asparagine	CD8Tex	SLC1A5	13.49365828769578	0.5	0.3333333333333333	-148.05467182862157	0.0	-4.679560616416686	1.6352729367068733e-06	-1.7130181370098072	0.04335460147813041	5	0.005	0.0	0.0002193152588575718	0.9788777958649826	0.035067654050100566
Myofibroblasts	HMDB0000641	L-Glutamine	Plasma	SLC38A5	5.797400676780741	0.84375	0.75	-109.36368214152358	0.0	-3.4566553928685404	0.0002849760912841316	-1.7130181370098072	0.04335460147813041	5	0.005	0.0	0.02217206477360129	0.9788777958649826	0.035067654050100566
Malignant	HMDB0000187	L-Serine	CD8T	SLC3A2	2.204300688728522	0.5952380952380952	0.625	-88.27117754759728	0.0	-2.789985083987112	0.002685671264530594	-1.7130181370098072	0.04335460147813041	5	0.005	0.0	0.15872772371895222	0.9788777958649826	0.035067654050100566
CD4Tconv	HMDB0000097	Choline	Mast	SLC44A1	2.5496669856566037	0.4	1.0	-180.54190323899743	0.0	-5.7063837944139735	7.600729532428494e-09	-1.7130181370098072	0.04335460147813041	5	0.005	0.0	1.5184436597674985e-06	0.9788777958649826	0.035067654050100566
Endothelial	HMDB0000122	D-Glucose	Mast	SLC2A3	1.6898209897207566	0.5	1.0	-64.25976381505305	0.0	-2.0310568809151768	0.02125679726415479	-1.7130181370098072	0.04335460147813041	5	0.005	0.0	0.7906790689935344	0.9788777958649826	0.035067654050100566
Plasma	HMDB0000122	D-Glucose	Mast	SLC2A3	2.9188663483729984	0.5	1.0	-77.17383147766887	0.0	-2.4392315213052456	0.007445850415041978	-1.7130181370098072	0.04335460147813041	5	0.005	0.0	0.3552244830469716	0.9788777958649826	0.035067654050100566
Fibroblasts	HMDB0000248	Thyroxine	Myocyte	THRA	1.4818155631659824	0.6206896551724138	1.0	-247.5736271175243	0.0	-7.825053953472284	6.4377865788739e-15	-1.7130181370098072	0.04335460147813041	5	0.005	0.0	2.1660892965426857e-12	0.9788777958649826	0.035067654050100566
Myofibroblasts	HMDB0000538	Adenosine triphosphate	Malignant	P2RX4	0.2659412701585584	0.5625	0.34523809523809523	-95.02362986361783	0.0	-3.003409689452164	0.001368119893384193	-1.7130181370098072	0.04335460147813041	5	0.005	0.0	0.08849405522856238	0.9788777958649826	0.035067654050100566
CD8T	HMDB0015531	Iron	Mono/Macro	SLC40A1	12.673211197192266	1.0	1.0	-144.0488046723353	0.0	-4.552947265094324	2.9707685822275094e-06	-1.7130181370098072	0.04335460147813041	5	0.005	0.0	0.0003760718498630382	0.9788777958649826	0.035067654050100566
Mono/Macro	HMDB0001452	Thromboxane A2	Myocyte	TBXA2R	1.0149595115501953	1.0	1.0	-80.31943397622157	0.0	-2.5386545073233235	0.005639393391995197	-1.7130181370098072	0.04335460147813041	5	0.005	0.0	0.28726455821614844	0.9788777958649826	0.035067654050100566
Mono/Macro	HMDB0000696	L-Methionine	Mono/Macro	SLC43A2	2.706009157596956	1.0	1.0	-130.92088751440764	0.0	-4.138013488611205	1.899177588507329e-05	-1.7043665302572326	0.04415631636542828	5	0.005	0.0	0.001995801500339058	0.9788777958649826	0.035067654050100566
Mono/Macro	HMDB0000244	Riboflavin	Malignant	SLC52A2	2.8301864010536093	1.0	0.2857142857142857	-74.83631226486153	0.0	-2.365349605163942	0.009101639269518517	-1.7130181370098072	0.04335460147813041	5	0.005	0.0	0.416836831299175	0.9788777958649826	0.035067654050100566
Endothelial	HMDB0000277	Sphingosine 1-phosphate	CD4Tconv	S1PR1	1.521363690941831	0.3333333333333333	0.3	-59.14555528254146	0.0	-1.86941220913754	0.030928932448669764	-1.7130181370098072	0.04335460147813041	5	0.005	0.0	0.9313593769267486	0.9788777958649826	0.035067654050100566
Endothelial	HMDB0000158	L-Tyrosine	Plasma	SLC7A5	0.9433932604432504	0.3333333333333333	0.5	-63.104168174713294	0.0	-1.994531996017953	0.023182663616245557	-1.7130181370098072	0.04335460147813041	5	0.005	0.0	0.8452637151409989	0.9788777958649826	0.035067654050100566
Fibroblasts	HMDB0000089	Cytidine	Endothelial	SLC29A1	0.41674920407792426	0.5172413793103449	0.3333333333333333	-62.729592771721485	0.0	-1.982692799847583	0.023837665235902403	-1.7095574943087775	0.043673865698717805	6	0.006	0.0	0.8594130477240686	0.9788777958649826	0.04027686384319216
Mono/Macro	HMDB0001514	Glucosamine	Myocyte	SLC2A4	5.286489410327633	1.0	1.0	-58.02362974842916	0.0	-1.8339515345155242	0.03347925959845322	-1.7095574943087775	0.043673865698717805	6	0.006	0.0	0.9313593769267486	0.9788777958649826	0.04027686384319216
Myofibroblasts	HMDB0000169	D-Mannose	Malignant	SLC2A1	1.0578930683343304	0.40625	0.8928571428571429	-74.49306536258753	0.0	-2.354500608197148	0.009370177046242137	-1.7095574943087775	0.043673865698717805	6	0.006	0.0	0.4243351605226796	0.9788777958649826	0.04027686384319216
Mast	HMDB0000097	Choline	Malignant	SLC44A1	1.0662653672309386	0.5	0.4880952380952381	-66.06036624550295	0.0	-2.08796848063228	0.018526745583323276	-1.7095574943087775	0.043673865698717805	6	0.006	0.0	0.7192615185622782	0.9788777958649826	0.04027686384319216
CD4Tconv	HMDB0000696	L-Methionine	Mono/Macro	SLC43A1	0.394029373660061	0.4	1.0	-70.63776968906508	0.0	-2.2326463662767013	0.012896606768018948	-1.7095574943087775	0.043673865698717805	6	0.006	0.0	0.5460639004068528	0.9788777958649826	0.04027686384319216
Mono/Macro	HMDB0001085	Leukotriene B4	Mast	PPARA	9.50770101306233	1.0	0.5	-205.41655666309865	0.0	-6.4925963946159975	6.635824319299055e-11	-1.7095574943087775	0.043673865698717805	6	0.006	0.0	1.5908144588459615e-08	0.9788777958649826	0.04027686384319216
Malignant	HMDB0000187	L-Serine	CD8Tex	SLC3A2	2.3384594438518946	0.5952380952380952	0.6666666666666666	-94.23500780226071	0.0	-2.978483730048223	0.0014833865734264066	-1.7095574943087775	0.043673865698717805	6	0.006	0.0	0.09514758996139912	0.9788777958649826	0.04027686384319216
Mono/Macro	HMDB0000538	Adenosine triphosphate	Plasma	P2RX1	0.031160233608185095	1.0	0.5	-133.4992416030642	0.0	-4.219507467149212	1.3355352371975106e-05	-1.7095574943087775	0.043673865698717805	6	0.006	0.0	0.0014511933454160032	0.9788777958649826	0.04027686384319216
Fibroblasts	HMDB0000097	Choline	Endothelial	SLC44A2	1.2301144872943408	0.6551724137931034	0.6666666666666666	-97.4310251784799	0.0	-3.0795001779482987	0.001065069543059007	-1.7095574943087775	0.043673865698717805	6	0.006	0.0	0.07142110570474533	0.9788777958649826	0.04027686384319216
Mast	HMDB0000641	L-Glutamine	Mono/Macro	SLC7A7	15.433585988876075	0.5	1.0	-208.16909131621776	0.0	-6.579595694259634	3.7998531284232277e-11	-1.7060968516077475	0.04399502433639189	7	0.007	0.0	9.224744711830997e-09	0.9788777958649826	0.04523231132075472
Mast	HMDB0000641	L-Glutamine	CD8T	SLC38A1	3.5084773060628076	0.5	0.625	-101.3479244709772	0.0	-3.2033015240406235	0.0007007970644749563	-1.7060968516077475	0.04399502433639189	7	0.007	0.0	0.04936726291605546	0.9788777958649826	0.04523231132075472
Endothelial	HMDB0000538	Adenosine triphosphate	Plasma	P2RX1	0.01898208564221071	0.5	0.5	-231.97518037146853	0.0	-7.332034204966084	2.3385152455024476e-13	-1.7060968516077475	0.04399502433639189	7	0.007	0.0	6.795335550889196e-11	0.9788777958649826	0.04523231132075472
Malignant	HMDB0015531	Iron	Mast	SLC11A2	8.54768368190221	0.9880952380952381	0.5	-124.61161392265534	0.0	-3.938596422918485	4.382589945983328e-05	-1.7060968516077475	0.04399502433639189	7	0.007	0.0	0.004277430090536451	0.9788777958649826	0.04523231132075472
CD4Tconv	HMDB0015531	Iron	Myocyte	SLC40A1	13.124762563583309	1.0	1.0	-138.36489889373422	0.0	-4.37329618552722	6.7607259312664745e-06	-1.7060968516077475	0.04399502433639189	7	0.007	0.0	0.0007906133065414273	0.9788777958649826	0.04523231132075472
Myofibroblasts	HMDB0000089	Cytidine	Malignant	SLC29A1	0.27607129301379557	0.34375	0.32142857142857145	-73.57276806677687	0.0	-2.3254127926781933	0.01012470023981916	-1.7060968516077475	0.04399502433639189	7	0.007	0.0	0.4510489281053932	0.9788777958649826	0.04523231132075472
Endothelial	HMDB0000277	Sphingosine 1-phosphate	Fibroblasts	S1PR2	1.1960576011870387	0.3333333333333333	0.9310344827586207	-66.68581231107324	0.0	-2.10773694008031	0.01765119645234585	-1.7060968516077475	0.04399502433639189	7	0.007	0.0	0.6974166933898963	0.9788777958649826	0.04523231132075472
Plasma	HMDB0000169	D-Mannose	Mono/Macro	SLC2A3	9.623081567269196	1.0	1.0	-114.4106044026144	0.0	-3.616173349008792	0.0001569671662555265	-1.7060968516077475	0.04399502433639189	7	0.007	0.0	0.013122530876426565	0.9788777958649826	0.04523231132075472
CD8Tex	HMDB0000294	Urea	Myofibroblasts	SLC5A5	0.09128482176157836	0.26666666666666666	0.5	-124.72313244696144	0.0	-3.942121186358222	4.3196398498334053e-05	-1.7060968516077475	0.04399502433639189	7	0.007	0.0	0.004248421172309229	0.9788777958649826	0.04523231132075472
Endothelial	HMDB0000248	Thyroxine	Myocyte	SLC16A2	2.3784085680622624	0.3333333333333333	1.0	-203.67438977831358	0.0	-6.437531765850333	9.412067402149947e-11	-1.7060968516077475	0.04399502433639189	7	0.007	0.0	2.2013333496601554e-08	0.9788777958649826	0.04523231132075472
Endothelial	HMDB0000122	D-Glucose	Malignant	SLC2A1	1.4214416471849272	0.5	0.8928571428571429	-84.59049671502142	0.0	-2.673649889339157	0.0038127373832783818	-1.7060968516077475	0.04399502433639189	7	0.007	0.0	0.211336947702903	0.9788777958649826	0.04523231132075472
CD8T	HMDB0000286	Uridine diphosphate glucose	Mast	P2RY14	13.082732538581002	0.375	0.5	-237.38550574475843	0.0	-7.50303823493788	6.881319098503906e-14	-1.7060968516077475	0.04399502433639189	7	0.007	0.0	2.1115740532905145e-11	0.9788777958649826	0.04523231132075472
Malignant	HMDB0015531	Iron	Myocyte	SLC40A1	12.130627766281252	0.9880952380952381	1.0	-127.75136880887887	0.0	-4.037834583587814	2.903750433079748e-05	-1.7060968516077475	0.04399502433639189	7	0.007	0.0	0.0029860363367731875	0.9788777958649826	0.04523231132075472
Myocyte	HMDB0000214	Ornithine	Malignant	SLC7A1	1.6081745275708048	1.0	0.4880952380952381	-66.66980903220232	0.0	-2.1072311248121203	0.017673150297859038	-1.7060968516077475	0.04399502433639189	7	0.007	0.0	0.6974166933898963	0.9788777958649826	0.04523231132075472
Myocyte	HMDB0000641	L-Glutamine	Malignant	SLC1A5	2.9347099501031413	1.0	0.6904761904761905	-68.83132330628413	0.0	-2.1755500568923183	0.014911383384251995	-1.7026362089067175	0.04431808476304288	8	0.008	0.0	0.6156683880191106	0.9788777958649826	0.049992831541218634
Endothelial	HMDB0000122	D-Glucose	Malignant	SLC2A9	0.16939588096983377	0.5	0.34523809523809523	-82.03427967096592	0.0	-2.592855595862072	0.004828685138454449	-1.7026362089067175	0.04431808476304288	8	0.008	0.0	0.250289021426618	0.9788777958649826	0.049992831541218634
Myocyte	HMDB0000641	L-Glutamine	Mono/Macro	SLC43A1	16.0768986414368	1.0	1.0	-162.2581484145374	0.0	-5.1284895750691035	1.7535347037064415e-07	-1.7026362089067175	0.04431808476304288	8	0.008	0.0	2.8379886341800838e-05	0.9788777958649826	0.049992831541218634
Myocyte	HMDB0000123	Glycine	Mono/Macro	SLC36A1	1.75938377598305	1.0	1.0	-114.40722380579265	0.0	-3.616066498562588	0.0001570310939927469	-1.7026362089067175	0.04431808476304288	8	0.008	0.0	0.013122530876426565	0.9788777958649826	0.049992831541218634
Fibroblasts	HMDB0000641	L-Glutamine	Myofibroblasts	SLC38A2	1.5421982424323761	0.7241379310344828	0.9375	-84.43894819810541	0.0	-2.668859898841205	0.003867140545914458	-1.7026362089067175	0.04431808476304288	8	0.008	0.0	0.21344465027467746	0.9788777958649826	0.049992831541218634
Fibroblasts	HMDB0000660	D-Fructose	Mono/Macro	SLC2A5	0.4057388693611663	0.5517241379310345	1.0	-57.39676540663085	0.0	-1.8141382476432877	0.034978162872264386	-1.7026362089067175	0.04431808476304288	8	0.008	0.0	0.9313593769267486	0.9788777958649826	0.049992831541218634
Endothelial	HMDB0000277	Sphingosine 1-phosphate	Mono/Macro	S1PR1	1.1062146325432003	0.3333333333333333	1.0	-18.370514651585044	1.1312810984411508e-75	-0.5806364352107144	0.28080823158171797	-1.7026362089067175	0.04431808476304288	8	0.008	8.957999399856982e-75	0.9313593769267486	0.9788777958649826	0.049992831541218634
Mast	HMDB0003550	Calcidiol	Mono/Macro	VDR	0.19885142514285414	0.5	1.0	-12.055722277231183	9.046966532967628e-34	-0.3810449374829001	0.3516254609290633	-1.7026362089067175	0.04431808476304288	8	0.008	4.853349584685864e-33	0.9313593769267486	0.9788777958649826	0.049992831541218634
Mast	HMDB0000641	L-Glutamine	CD8Tex	SLC38A1	3.4975154256630994	0.5	0.7333333333333333	-102.12594905613344	0.0	-3.2278925292573675	0.0006438244585881494	-1.7026362089067175	0.04431808476304288	8	0.008	0.0	0.046159205155262895	0.9788777958649826	0.049992831541218634
Fibroblasts	HMDB0000538	Adenosine triphosphate	Plasma	P2RX1	0.011789165464108678	0.41379310344827586	0.5	-212.66147981093962	0.0	-6.721586514366127	1.5084837506513264e-11	-1.7026362089067175	0.04431808476304288	8	0.008	0.0	3.762641475873698e-09	0.9788777958649826	0.049992831541218634
Plasma	HMDB0000122	D-Glucose	Endothelial	SLC2A3	1.4462229723335485	0.5	0.8333333333333334	-67.34310880242614	0.0	-2.1285120952054677	0.016769416488041897	-1.7026362089067175	0.04431808476304288	8	0.008	0.0	0.6737075007743377	0.9788777958649826	0.049992831541218634
Endothelial	HMDB0000244	Riboflavin	CD4Tconv	SLC52A1	1.8297072728806776	0.8333333333333334	0.4	-141.58151844342785	0.0	-4.474963805851731	4.260327588694746e-06	-1.7026362089067175	0.04431808476304288	8	0.008	0.0	0.0005187726518081409	0.9788777958649826	0.049992831541218634
Fibroblasts	HMDB0000696	L-Methionine	Malignant	SLC7A5	0.3538855567704175	0.4827586206896552	0.5714285714285714	-74.16261470166226	0.0	-2.344056061737144	0.009635236086673458	-1.7026362089067175	0.04431808476304288	8	0.008	0.0	0.4347985300900398	0.9788777958649826	0.049992831541218634
Mono/Macro	HMDB0000641	L-Glutamine	Fibroblasts	SLC38A2	3.2668391081030275	1.0	0.896551724137931	-72.70905892807998	0.0	-2.2981135577431164	0.010880585007741438	-1.7026362089067175	0.04431808476304288	8	0.008	0.0	0.4758798165814576	0.9788777958649826	0.049992831541218634
CD8Tex	HMDB0000123	Glycine	Mono/Macro	SLC36A1	0.7855611307548583	0.3333333333333333	1.0	-163.1119532654834	0.0	-5.155475765408415	1.5245101329293074e-07	-1.7026362089067175	0.04431808476304288	8	0.008	0.0	2.506645495427891e-05	0.9788777958649826	0.049992831541218634
Endothelial	HMDB0000641	L-Glutamine	Mono/Macro	SLC7A7	11.417987717249787	1.0	1.0	-190.687093684702	0.0	-6.027042596121488	1.1731240777116327e-09	-1.7026362089067175	0.04431808476304288	8	0.008	0.0	2.4860508424743146e-07	0.9788777958649826	0.049992831541218634
