From	To
P08908	ENSP00000316244.4
P28222	ENSP00000358963.3
P28221	ENSP00000363748.1
P28566	ENSP00000307766.4
P30939	ENSP00000322924.4
P28223	ENSP00000437737.1
P41595	ENSP00000258400.3
P28335	ENSP00000276198.1
P28335	ENSP00000361018.3
P28335	ENSP00000361019.1
Q13639	ENSP00000353915.3
Q13639	ENSP00000355037.3
Q13639	ENSP00000367120.4
Q13639	ENSP00000435904.1
Q13639	ENSP00000427913.1
Q13639	ENSP00000428320.1
Q13639	ENSP00000430979.1
Q13639	ENSP00000430874.1
Q13639	ENSP00000485747.1
P47898	ENSP00000287907.2
P50406	ENSP00000289753.1
P34969	ENSP00000277874.6
P34969	ENSP00000337949.3
P34969	ENSP00000360784.2
P11229	ENSP00000306490.3
P11229	ENSP00000441188.1
P08172	ENSP00000319984.5
P08172	ENSP00000384401.1
P08172	ENSP00000399745.2
P08172	ENSP00000415386.1
P08172	ENSP00000505686.1
P20309	ENSP00000255380.4
P20309	ENSP00000482377.1
P20309	ENSP00000502349.1
P20309	ENSP00000502667.1
P20309	ENSP00000502013.1
P08173	ENSP00000409378.2
P08173	ENSP00000507561.1
P08912	ENSP00000372750.5
P08912	ENSP00000453745.1
P30542	ENSP00000308549.3
P30542	ENSP00000338435.4
P30542	ENSP00000356204.1
P30542	ENSP00000356205.4
P30542	ENSP00000491900.1
P29274	ENSP00000336630.6
P29274	ENSP00000480012.1
P29274	ENSP00000483102.1
P29274	ENSP00000481552.1
P29275	ENSP00000304501.2
P0DMS8	ENSP00000241356.4
Q86SQ6	ENSP00000376383.2
Q86SQ6	ENSP00000376384.3
Q96PE1	ENSP00000323508.7
Q96PE1	ENSP00000406367.2
Q8IWK6	ENSP00000334952.5
Q8IWK6	ENSP00000421006.1
Q8IWK6	ENSP00000422606.1
O14514	ENSP00000313046.5
O14514	ENSP00000430945.1
O60241	ENSP00000362759.2
O60241	ENSP00000362762.3
O60241	ENSP00000435397.1
O60242	ENSP00000359630.1
O60242	ENSP00000441821.2
Q9NYQ6	ENSP00000262738.3
Q9NYQ6	ENSP00000414689.2
Q9HCU4	ENSP00000271332.3
Q9NYQ7	ENSP00000164024.4
Q6QNK2	ENSP00000261654.5
Q6QNK2	ENSP00000444425.1
Q6QNK2	ENSP00000438021.1
Q7Z7M1	ENSP00000335156.2
Q14246	ENSP00000250572.7
Q14246	ENSP00000311545.3
Q14246	ENSP00000370811.4
Q14246	ENSP00000370814.4
Q14246	ENSP00000405974.2
Q9UHX3	ENSP00000319883.3
Q9UHX3	ENSP00000376692.3
Q9UHX3	ENSP00000472735.1
Q9UHX3	ENSP00000470725.1
Q9UHX3	ENSP00000469277.1
Q9UHX3	ENSP00000472280.2
Q9BY15	ENSP00000253673.4
Q9BY15	ENSP00000340758.4
P48960	ENSP00000242786.4
P48960	ENSP00000349918.2
P48960	ENSP00000351413.2
Q5T601	ENSP00000360289.2
Q5T601	ENSP00000360299.2
Q8IZF5	ENSP00000307831.1
Q8IZF5	ENSP00000327396.6
Q8IZF5	ENSP00000388537.2
Q8IZF5	ENSP00000404775.1
Q8IZF3	ENSP00000283303.2
Q8IZF3	ENSP00000328319.3
Q8IZF2	ENSP00000265417.6
Q8IZF2	ENSP00000283296.7
Q9Y653	ENSP00000373465.5
Q9Y653	ENSP00000398034.2
Q9Y653	ENSP00000444911.2
Q9Y653	ENSP00000456620.1
Q9Y653	ENSP00000455351.2
Q9Y653	ENSP00000454933.2
Q9Y653	ENSP00000456794.1
Q9Y653	ENSP00000457456.1
Q9Y653	ENSP00000455215.1
Q9Y653	ENSP00000500185.2
Q8IZP9	ENSP00000344972.3
Q8IZP9	ENSP00000346845.4
Q8IZP9	ENSP00000349015.4
Q8IZP9	ENSP00000350152.3
Q8IZP9	ENSP00000350680.3
Q8IZP9	ENSP00000353421.4
Q8IZP9	ENSP00000369198.3
Q8IZP9	ENSP00000369202.2
Q8IZP9	ENSP00000369205.1
Q8IZP9	ENSP00000369207.3
Q86Y34	ENSP00000332900.4
Q8IZF6	ENSP00000359686.1
Q8IZF6	ENSP00000377697.1
Q8IZF6	ENSP00000377699.1
Q8IZF4	ENSP00000342981.4
Q8IZF4	ENSP00000290823.4
Q86SQ4	ENSP00000230173.6
Q86SQ4	ENSP00000296932.8
Q86SQ4	ENSP00000356580.2
Q86SQ4	ENSP00000356581.3
Q96K78	ENSP00000273352.3
O94910	ENSP00000340688.5
O94910	ENSP00000355328.2
O94910	ENSP00000500240.1
O94910	ENSP00000500478.1
O95490	ENSP00000322270.6
O95490	ENSP00000353006.2
O95490	ENSP00000359748.1
O95490	ENSP00000359750.1
O95490	ENSP00000359752.3
O95490	ENSP00000359758.1
O95490	ENSP00000359760.1
O95490	ENSP00000359763.1
O95490	ENSP00000359765.1
O95490	ENSP00000501431.1
O95490	ENSP00000501462.1
Q9HAR2	ENSP00000423388.1
Q9HAR2	ENSP00000422533.1
Q9HBW9	ENSP00000359778.3
Q8WXG9	ENSP00000384582.2
P35348	ENSP00000276393.4
P35348	ENSP00000346557.4
P35348	ENSP00000369946.3
P35348	ENSP00000369947.3
P35348	ENSP00000369956.3
P35348	ENSP00000369960.1
P35348	ENSP00000431073.1
P35348	ENSP00000430414.1
P35368	ENSP00000306662.3
P25100	ENSP00000368766.4
P08913	ENSP00000280155.2
P18089	ENSP00000480573.1
P18825	ENSP00000386069.2
P08588	ENSP00000358301.2
P07550	ENSP00000305372.4
P13945	ENSP00000343782.3
P30556	ENSP00000273430.3
P30556	ENSP00000385641.3
P30556	ENSP00000385612.2
P30556	ENSP00000398832.4
P30556	ENSP00000418851.1
P30556	ENSP00000418084.1
P30556	ENSP00000419783.1
P30556	ENSP00000419422.1
P50052	ENSP00000360973.4
P50052	ENSP00000505750.1
P35414	ENSP00000257254.3
P35414	ENSP00000475344.1
Q8TDU6	ENSP00000430698.1
Q8TDU6	ENSP00000430202.1
Q8TDU6	ENSP00000428824.1
Q8TDU6	ENSP00000430886.1
P28336	ENSP00000258042.1
P30550	ENSP00000369643.2
P32247	ENSP00000359682.3
P46663	ENSP00000216629.6
P46663	ENSP00000479276.1
P30411	ENSP00000438376.1
P30411	ENSP00000439459.2
P30411	ENSP00000450482.1
P30988	ENSP00000377959.1
P30988	ENSP00000413179.1
P30988	ENSP00000391369.1
P30988	ENSP00000389295.1
P30988	ENSP00000497687.1
Q16602	ENSP00000376177.3
Q16602	ENSP00000386972.1
Q16602	ENSP00000387190.1
P41180	ENSP00000420194.1
P41180	ENSP00000492190.1
P41180	ENSP00000491584.2
P21554	ENSP00000358511.2
P21554	ENSP00000358513.2
P21554	ENSP00000412192.2
P21554	ENSP00000420188.1
P21554	ENSP00000446819.1
P21554	ENSP00000446702.2
P34972	ENSP00000363596.4
Q99788	ENSP00000311733.7
Q99788	ENSP00000401293.1
Q99788	ENSP00000449716.1
Q99788	ENSP00000447579.1
P46091	ENSP00000384345.2
P46091	ENSP00000397535.1
P46091	ENSP00000483003.1
P46091	ENSP00000490642.1
P46091	ENSP00000490813.1
P46091	ENSP00000490453.1
P46091	ENSP00000489673.1
P32246	ENSP00000296140.3
P41597	ENSP00000383681.2
P41597	ENSP00000399285.2
P51677	ENSP00000350003.2
P51677	ENSP00000379271.2
P51677	ENSP00000379273.2
P51677	ENSP00000441600.1
P51679	ENSP00000332659.5
P51681	ENSP00000292303.4
P51681	ENSP00000404881.1
P51684	ENSP00000343952.5
P51684	ENSP00000339393.4
P51684	ENSP00000383715.2
P51684	ENSP00000493637.1
P32248	ENSP00000246657.2
P51685	ENSP00000326432.4
P51686	ENSP00000350256.2
P51686	ENSP00000379292.2
P46092	ENSP00000332504.4
P25024	ENSP00000295683.2
P25025	ENSP00000319635.2
P49682	ENSP00000362795.4
P49682	ENSP00000362797.3
P61073	ENSP00000241393.3
P61073	ENSP00000386884.1
P32302	ENSP00000292174.4
O00574	ENSP00000304414.4
O00574	ENSP00000396218.1
O00574	ENSP00000396886.1
O00574	ENSP00000395704.1
P49238	ENSP00000351059.3
P49238	ENSP00000382166.3
P49238	ENSP00000439140.1
P49238	ENSP00000444928.1
P46094	ENSP00000310405.3
P46094	ENSP00000507745.1
Q16570	ENSP00000357103.2
Q16570	ENSP00000357104.1
Q16570	ENSP00000441985.1
O00590	ENSP00000416996.1
O00590	ENSP00000396150.1
P25106	ENSP00000272928.3
Q9NPB9	ENSP00000249887.2
O00421	ENSP00000349967.4
O00421	ENSP00000381994.3
O00421	ENSP00000383677.3
O00421	ENSP00000383678.2
P32238	ENSP00000295589.3
P32239	ENSP00000335544.2
P32239	ENSP00000435534.1
P46089	ENSP00000363136.3
P46093	ENSP00000319744.3
O15529	ENSP00000410925.1
O15529	ENSP00000473212.1
P46095	ENSP00000275169.3
P46095	ENSP00000406986.2
P47775	ENSP00000370844.2
P47775	ENSP00000384932.3
P49685	ENSP00000284311.3
Q13304	ENSP00000272644.3
Q13304	ENSP00000376741.3
Q13304	ENSP00000508383.1
Q13304	ENSP00000442982.1
Q15760	ENSP00000333744.2
Q15760	ENSP00000441832.1
Q15760	ENSP00000498976.1
Q99678	ENSP00000366970.3
Q99678	ENSP00000479665.1
Q99679	ENSP00000482287.1
Q99680	ENSP00000302676.4
Q99680	ENSP00000492841.1
O00155	ENSP00000301917.2
Q8NDV2	ENSP00000284674.1
Q9NS67	ENSP00000303149.2
O00270	ENSP00000355799.2
O75388	ENSP00000270590.3
Q49SQ1	ENSP00000421557.1
Q9UPC5	ENSP00000367378.5
Q9UPC5	ENSP00000367384.4
Q9UPC5	ENSP00000498130.1
Q9HC97	ENSP00000322731.5
Q9HC97	ENSP00000385140.1
Q9HC97	ENSP00000384263.1
Q9HC97	ENSP00000411788.2
Q9HC97	ENSP00000415890.3
O15354	ENSP00000306449.2
O60883	ENSP00000356251.4
O43194	ENSP00000327417.3
Q9Y5Y3	ENSP00000258456.1
Q13585	ENSP00000218316.3
Q9Y2T5	ENSP00000356658.2
Q9BZJ8	ENSP00000385422.2
Q9BZJ8	ENSP00000433661.1
Q9BZJ8	ENSP00000432456.1
Q9BZJ8	ENSP00000484035.1
Q9BZJ8	ENSP00000484797.1
Q9BZJ7	ENSP00000319250.4
Q9BZJ6	ENSP00000229955.2
Q8IYL9	ENSP00000267549.3
Q15743	ENSP00000434045.2
Q15743	ENSP00000440797.1
Q15743	ENSP00000498702.1
O95800	ENSP00000378195.2
Q96P69	ENSP00000371927.4
Q96P67	ENSP00000303549.4
Q9NYM4	ENSP00000243673.2
Q9NYM4	ENSP00000441550.1
Q9NQS5	ENSP00000267015.3
Q9NQS5	ENSP00000450310.1
P60893	ENSP00000297146.2
P60893	ENSP00000396763.1
P60893	ENSP00000401178.1
P60893	ENSP00000476863.1
Q9BY21	ENSP00000260843.4
Q9GZN0	ENSP00000314223.4
Q96P66	ENSP00000498972.1
Q9UNW8	ENSP00000328818.3
Q9UNW8	ENSP00000376364.2
Q9UNW8	ENSP00000438094.2
Q8IZ08	ENSP00000378548.1
Q8IZ08	ENSP00000432696.1
Q6DWJ6	ENSP00000458791.2
Q7Z602	ENSP00000334540.1
Q7Z602	ENSP00000390410.1
Q7Z601	ENSP00000335158.4
Q96CH1	ENSP00000380283.1
Q96CH1	ENSP00000410743.2
Q8TDV2	ENSP00000308908.4
Q86SP6	ENSP00000374390.2
Q8NGU9	ENSP00000369344.2
Q8TDV0	ENSP00000308733.2
Q8TDT2	ENSP00000310255.2
Q6NV75	ENSP00000367125.2
Q9UJ42	ENSP00000348161.5
Q8N6U8	ENSP00000356809.1
Q8N6U8	ENSP00000356810.1
Q8N6U8	ENSP00000356812.1
Q8N6U8	ENSP00000441039.1
Q8N6U8	ENSP00000437576.1
Q8N6U8	ENSP00000444348.1
Q8N6U8	ENSP00000506967.1
Q16538	ENSP00000311528.3
Q16538	ENSP00000399670.2
O14626	ENSP00000308479.5
O14626	ENSP00000482588.1
Q9NS66	ENSP00000331600.5
Q9BXC1	ENSP00000494310.1
Q14439	ENSP00000299092.3
Q14439	ENSP00000439361.1
Q14439	ENSP00000453076.1
O15218	ENSP00000300098.1
P32249	ENSP00000365596.4
Q9BXB1	ENSP00000368516.4
Q9BXB1	ENSP00000374508.4
O75473	ENSP00000266674.4
O75473	ENSP00000443033.1
O75473	ENSP00000441035.2
Q9HBX8	ENSP00000255432.7
Q9HBX8	ENSP00000356247.3
Q9HBX8	ENSP00000387869.2
P04201	ENSP00000252660.4
P04201	ENSP00000501180.2
P35410	ENSP00000366331.3
P35410	ENSP00000373041.2
P35410	ENSP00000373139.2
P35410	ENSP00000405164.2
P35410	ENSP00000410649.2
P35410	ENSP00000405030.2
P35410	ENSP00000399042.2
P35410	ENSP00000392071.2
Q8TDS7	ENSP00000310631.3
Q86SM8	ENSP00000374482.6
Q96AM1	ENSP00000309782.6
Q96AM1	ENSP00000403660.1
Q86SM5	ENSP00000330612.3
Q96LB2	ENSP00000305766.3
Q96LB2	ENSP00000499076.2
Q96LB1	ENSP00000333800.2
Q96LB0	ENSP00000379571.2
Q96LB0	ENSP00000481943.1
Q96LA9	ENSP00000314042.3
Q86VZ1	ENSP00000370697.4
O00398	ENSP00000171757.2
O00398	ENSP00000443138.1
Q9P1P5	ENSP00000275191.2
Q9P1P5	ENSP00000356908.1
O14804	ENSP00000258034.2
Q96RI8	ENSP00000275198.1
Q969N4	ENSP00000275200.1
Q96RI9	ENSP00000424607.2
Q8NFN8	ENSP00000418758.1
Q8NFN8	ENSP00000417261.1
Q5T848	ENSP00000365529.3
Q6PRD1	ENSP00000484951.1
Q8NFJ5	ENSP00000014914.6
Q9NZH0	ENSP00000300571.2
Q9NZH0	ENSP00000442858.1
Q9NZH0	ENSP00000454727.1
Q9NZH0	ENSP00000457283.1
Q9NQ84	ENSP00000376403.2
Q9NQ84	ENSP00000376405.3
Q9NQ84	ENSP00000498839.1
Q9NZD1	ENSP00000228887.1
Q9NZD1	ENSP00000379624.3
Q5T6X5	ENSP00000309493.4
Q5T6X5	ENSP00000357537.3
Q5T6X5	ENSP00000433465.1
Q9UP38	ENSP00000287934.2
Q14332	ENSP00000323901.3
Q9NPG1	ENSP00000240093.3
Q9NPG1	ENSP00000437489.1
Q9ULV1	ENSP00000434034.1
Q13467	ENSP00000354607.3
O60353	ENSP00000351605.4
O60353	ENSP00000429055.1
O60353	ENSP00000429528.1
O75084	ENSP00000286201.1
Q9H461	ENSP00000363826.1
O00144	ENSP00000345785.3
Q9ULW2	ENSP00000229030.4
Q99835	ENSP00000249373.3
Q16581	ENSP00000302079.4
P21730	ENSP00000347197.2
Q9P296	ENSP00000472620.1
Q9P296	ENSP00000471184.1
P34998	ENSP00000326060.6
P34998	ENSP00000344068.5
P34998	ENSP00000381333.3
P34998	ENSP00000462016.1
P34998	ENSP00000484387.1
P34998	ENSP00000480752.1
P34998	ENSP00000480396.1
P34998	ENSP00000478177.1
P34998	ENSP00000483802.1
P34998	ENSP00000477786.1
P34998	ENSP00000488342.1
Q13324	ENSP00000344304.4
Q13324	ENSP00000340943.4
Q13324	ENSP00000418722.1
Q13324	ENSP00000426498.3
P21728	ENSP00000377353.1
P14416	ENSP00000278597.5
P14416	ENSP00000354859.3
P14416	ENSP00000438215.1
P14416	ENSP00000442172.1
P35462	ENSP00000295881.6
P35462	ENSP00000373169.2
P35462	ENSP00000419402.1
P35462	ENSP00000420662.1
P21917	ENSP00000176183.5
P21917	ENSP00000478431.1
P21918	ENSP00000306129.2
P25101	ENSP00000315011.5
P25101	ENSP00000351359.4
P25101	ENSP00000425281.1
P25101	ENSP00000427259.1
P25101	ENSP00000425354.1
P25101	ENSP00000496976.1
P25101	ENSP00000498969.1
P24530	ENSP00000366416.4
P24530	ENSP00000487082.2
P24530	ENSP00000486202.1
P24530	ENSP00000494278.1
P24530	ENSP00000493527.1
P24530	ENSP00000493895.1
P21462	ENSP00000302707.3
P21462	ENSP00000470750.2
P21462	ENSP00000471493.1
P21462	ENSP00000472936.2
P25090	ENSP00000340191.4
P25090	ENSP00000468897.1
P25090	ENSP00000468876.1
P25089	ENSP00000341821.3
P25089	ENSP00000470471.1
O14842	ENSP00000246553.2
O15552	ENSP00000246549.2
O15552	ENSP00000473159.1
O14843	ENSP00000328230.3
O14843	ENSP00000469522.1
Q5NUL3	ENSP00000360536.5
Q5NUL3	ENSP00000360538.4
Q9UBS5	ENSP00000348248.3
Q9UBS5	ENSP00000366176.3
Q9UBS5	ENSP00000366211.4
Q9UBS5	ENSP00000366215.4
Q9UBS5	ENSP00000366233.4
Q9UBS5	ENSP00000373029.4
Q9UBS5	ENSP00000373033.4
Q9UBS5	ENSP00000373034.4
Q9UBS5	ENSP00000373035.3
Q9UBS5	ENSP00000373132.4
Q9UBS5	ENSP00000373133.4
Q9UBS5	ENSP00000373134.4
Q9UBS5	ENSP00000373135.2
Q9UBS5	ENSP00000406499.2
Q9UBS5	ENSP00000391572.1
Q9UBS5	ENSP00000399861.1
Q9UBS5	ENSP00000388035.2
Q9UBS5	ENSP00000411286.2
Q9UBS5	ENSP00000412167.2
Q9UBS5	ENSP00000406285.1
Q9UBS5	ENSP00000406066.1
Q9UBS5	ENSP00000399318.2
Q9UBS5	ENSP00000394528.2
Q9UBS5	ENSP00000405709.1
Q9UBS5	ENSP00000411263.1
Q9UBS5	ENSP00000408938.2
Q9UBS5	ENSP00000416903.2
Q9UBS5	ENSP00000419061.1
Q9UBS5	ENSP00000448999.1
Q9UBS5	ENSP00000448531.1
Q9UBS5	ENSP00000446983.1
Q9UBS5	ENSP00000448654.1
Q9UBS5	ENSP00000449342.1
Q9UBS5	ENSP00000449449.1
O75899	ENSP00000259455.2
P47211	ENSP00000299727.3
O43603	ENSP00000329684.3
O60755	ENSP00000249041.2
Q92847	ENSP00000241256.2
Q92847	ENSP00000395344.1
Q02643	ENSP00000320180.2
P48546	ENSP00000263281.3
P48546	ENSP00000305321.8
P48546	ENSP00000467494.1
P43220	ENSP00000362353.4
O95838	ENSP00000262441.5
P47871	ENSP00000383558.3
P47871	ENSP00000500297.1
P47872	ENSP00000019103.6
P23945	ENSP00000306780.4
P22888	ENSP00000294954.6
P16473	ENSP00000340113.6
P16473	ENSP00000450549.1
P30968	ENSP00000226413.5
P30968	ENSP00000397561.2
Q14330	ENSP00000343428.3
Q14330	ENSP00000380610.2
Q14330	ENSP00000380613.2
Q14330	ENSP00000401611.2
Q9Y2T6	ENSP00000375893.2
Q9Y2T6	ENSP00000375894.1
Q9Y2T6	ENSP00000410267.1
Q9Y2T6	ENSP00000482381.1
Q9Y2T6	ENSP00000498258.1
Q8TDV5	ENSP00000276218.2
Q8TDV5	ENSP00000508182.1
Q99527	ENSP00000297469.3
Q99527	ENSP00000380277.3
Q99527	ENSP00000380281.1
Q99527	ENSP00000385151.1
P35367	ENSP00000380247.1
P35367	ENSP00000397028.2
P35367	ENSP00000406705.2
P25021	ENSP00000366506.2
Q9Y5N1	ENSP00000342560.5
Q9H3N8	ENSP00000256906.4
Q9H3N8	ENSP00000402526.2
Q9BXC0	ENSP00000389255.1
Q8TDS4	ENSP00000375066.2
P49019	ENSP00000436714.2
Q969F8	ENSP00000234371.3
Q15722	ENSP00000307445.3
Q15722	ENSP00000380002.2
Q15722	ENSP00000380008.4
Q15722	ENSP00000495785.1
Q15722	ENSP00000494730.1
Q15722	ENSP00000495466.1
Q9NPC1	ENSP00000433290.1
Q9NPC1	ENSP00000445772.1
Q9NPC1	ENSP00000494694.1
Q9NPC1	ENSP00000494877.1
Q9Y271	ENSP00000362401.3
Q9Y271	ENSP00000478492.1
Q9NS75	ENSP00000282018.3
Q9NS75	ENSP00000477930.1
Q9NS75	ENSP00000508181.1
Q8TDS5	ENSP00000367930.3
Q92633	ENSP00000351755.4
Q92633	ENSP00000363552.1
Q92633	ENSP00000363553.3
Q92633	ENSP00000506912.1
Q9HBW0	ENSP00000384665.3
Q9HBW0	ENSP00000443256.2
Q9HBW0	ENSP00000465280.2
Q9UBY5	ENSP00000359643.3
Q9UBY5	ENSP00000395389.1
Q99677	ENSP00000408205.2
Q99677	ENSP00000478261.1
Q9H1C0	ENSP00000327875.4
Q9H1C0	ENSP00000393098.1
P43657	ENSP00000344353.2
P43657	ENSP00000367691.3
P43657	ENSP00000482660.1
P21453	ENSP00000305416.6
P21453	ENSP00000498038.1
P21453	ENSP00000497478.1
P21453	ENSP00000497175.1
O95136	ENSP00000496438.1
Q99500	ENSP00000350878.2
Q99500	ENSP00000365006.3
O95977	ENSP00000246115.3
Q9H228	ENSP00000328472.3
Q9H228	ENSP00000416915.2
Q99705	ENSP00000249016.5
Q969V1	ENSP00000281806.2
Q969V1	ENSP00000358214.1
Q01726	ENSP00000451605.1
Q01726	ENSP00000492011.1
Q01718	ENSP00000333821.2
P41968	ENSP00000243911.2
P32245	ENSP00000299766.3
P33032	ENSP00000318077.3
P33032	ENSP00000468086.2
P48039	ENSP00000302811.5
P48039	ENSP00000515216.1
P49286	ENSP00000257068.2
Q13255	ENSP00000282753.1
Q13255	ENSP00000347437.4
Q13255	ENSP00000354896.2
Q13255	ENSP00000424095.1
Q13255	ENSP00000425599.1
Q14416	ENSP00000378492.3
Q14832	ENSP00000355316.2
Q14832	ENSP00000398767.1
Q14833	ENSP00000363292.3
Q14833	ENSP00000398456.2
Q14833	ENSP00000437925.1
Q14833	ENSP00000440556.1
Q14833	ENSP00000437730.1
Q14833	ENSP00000477466.1
P41594	ENSP00000305905.5
P41594	ENSP00000306138.4
P41594	ENSP00000405690.2
O15303	ENSP00000231188.5
O15303	ENSP00000430767.1
O15303	ENSP00000497110.1
Q14831	ENSP00000350348.4
Q14831	ENSP00000373986.3
Q14831	ENSP00000373987.4
Q14831	ENSP00000419835.1
Q14831	ENSP00000417536.1
O00222	ENSP00000344173.2
O00222	ENSP00000345747.3
O00222	ENSP00000351142.3
O00222	ENSP00000419832.1
O43193	ENSP00000218721.1
Q9HB89	ENSP00000305877.4
Q9GZQ4	ENSP00000255262.4
Q9GZQ6	ENSP00000277942.5
Q9Y5X5	ENSP00000307822.7
Q9Y5X5	ENSP00000351599.3
Q9Y5X5	ENSP00000379321.1
Q6W5P4	ENSP00000352839.1
Q6W5P4	ENSP00000353788.1
Q6W5P4	ENSP00000370950.3
Q6W5P4	ENSP00000370953.1
Q6W5P4	ENSP00000370955.2
Q6W5P4	ENSP00000370965.3
Q6W5P4	ENSP00000379402.2
Q6W5P4	ENSP00000434955.1
Q6W5P4	ENSP00000433258.1
P48145	ENSP00000501711.1
P48146	ENSP00000358783.1
P48146	ENSP00000484253.1
P48146	ENSP00000508236.1
P25929	ENSP00000354652.2
P49146	ENSP00000332591.3
P49146	ENSP00000426366.1
P50391	ENSP00000363431.1
P50391	ENSP00000480883.1
Q15761	ENSP00000339377.3
Q15761	ENSP00000423474.1
Q15761	ENSP00000423917.1
P30989	ENSP00000359532.3
O95665	ENSP00000303686.5
P41143	ENSP00000234961.2
P41145	ENSP00000265572.3
P41145	ENSP00000429706.1
P41145	ENSP00000430923.1
P35372	ENSP00000229768.5
P35372	ENSP00000328264.7
P35372	ENSP00000338381.4
P35372	ENSP00000399359.2
P35372	ENSP00000403549.2
P35372	ENSP00000411903.2
P35372	ENSP00000394624.2
P35372	ENSP00000413752.2
P35372	ENSP00000410497.2
P35372	ENSP00000430260.1
P35372	ENSP00000431048.1
P35372	ENSP00000430876.1
P35372	ENSP00000429373.1
P35372	ENSP00000429719.1
P35372	ENSP00000428018.1
P35372	ENSP00000430575.1
P35372	ENSP00000430097.1
P41146	ENSP00000336843.2
P41146	ENSP00000336764.3
P41146	ENSP00000347848.4
P04000	ENSP00000358967.4
P04001	ENSP00000472316.1
P03999	ENSP00000249389.3
P08100	ENSP00000296271.3
Q9H1Y3	ENSP00000355512.2
Q9UHM6	ENSP00000241891.5
Q9UHM6	ENSP00000361141.2
Q6U736	ENSP00000360255.2
Q6U736	ENSP00000491960.1
O43613	ENSP00000362810.5
O43613	ENSP00000384387.2
O43614	ENSP00000359899.3
O43614	ENSP00000477548.1
Q5VW38	ENSP00000336988.7
Q5VW38	ENSP00000361483.1
Q5VW38	ENSP00000483750.1
Q96N19	ENSP00000321698.3
Q96N19	ENSP00000366931.4
Q96N19	ENSP00000411827.2
Q96N19	ENSP00000415698.2
Q96N19	ENSP00000442792.1
Q86W33	ENSP00000296210.7
Q86W33	ENSP00000347748.3
Q86W33	ENSP00000377056.2
Q86W33	ENSP00000413428.2
Q86W33	ENSP00000418298.1
Q86W33	ENSP00000498161.1
P51810	ENSP00000417161.1
Q5UAW9	ENSP00000366628.4
Q96P68	ENSP00000298440.1
Q96P68	ENSP00000437356.2
Q96P68	ENSP00000445269.2
Q96P68	ENSP00000438800.1
P47900	ENSP00000304767.3
P41231	ENSP00000310305.2
P41231	ENSP00000377221.2
P41231	ENSP00000377222.2
P51582	ENSP00000363643.2
Q15077	ENSP00000309771.2
Q15077	ENSP00000377215.2
Q15077	ENSP00000377216.1
Q15077	ENSP00000377217.2
Q15077	ENSP00000440770.2
Q15077	ENSP00000442990.1
Q15077	ENSP00000442551.1
Q15077	ENSP00000443427.1
Q15077	ENSP00000445652.1
Q15077	ENSP00000441079.2
Q15077	ENSP00000480966.1
Q15077	ENSP00000504879.1
Q15077	ENSP00000505646.1
Q96G91	ENSP00000323872.4
Q9H244	ENSP00000307259.4
Q9BPV8	ENSP00000320376.5
Q15391	ENSP00000308361.3
Q15391	ENSP00000408733.2
Q03431	ENSP00000321999.4
Q03431	ENSP00000411424.1
Q03431	ENSP00000413774.2
Q03431	ENSP00000402723.1
P49190	ENSP00000272847.2
P25105	ENSP00000301974.3
P25105	ENSP00000362965.3
P25105	ENSP00000442658.1
Q8TCW9	ENSP00000303775.4
Q8NFJ6	ENSP00000217270.3
Q8NFJ6	ENSP00000504128.1
P49683	ENSP00000239032.2
P49683	ENSP00000490073.1
Q13258	ENSP00000303424.2
Q13258	ENSP00000452408.1
Q9Y5Y4	ENSP00000332812.4
P34995	ENSP00000292513.3
P43116	ENSP00000245457.5
P43115	ENSP00000302313.5
P43115	ENSP00000349003.4
P43115	ENSP00000359962.3
P43115	ENSP00000359969.3
P43115	ENSP00000418073.1
P43115	ENSP00000421583.1
P43115	ENSP00000486617.1
P35408	ENSP00000302846.3
P43088	ENSP00000359792.3
P43088	ENSP00000359793.3
P43088	ENSP00000359794.1
P43119	ENSP00000291294.1
P21731	ENSP00000364336.4
P21731	ENSP00000393333.2
P25116	ENSP00000321326.4
P55085	ENSP00000296677.4
O00254	ENSP00000296641.3
O00254	ENSP00000426703.1
Q96RI0	ENSP00000248076.2
Q96P65	ENSP00000377948.2
Q9HBX9	ENSP00000303248.5
Q9HBX9	ENSP00000345889.5
Q9HBX9	ENSP00000420712.1
Q9HBX9	ENSP00000434475.1
Q8WXD0	ENSP00000298386.2
Q8WXD0	ENSP00000369670.1
Q9NSD7	ENSP00000328708.3
Q9NSD7	ENSP00000480733.1
Q8TDU9	ENSP00000357301.4
P30872	ENSP00000267377.2
P30874	ENSP00000350198.2
P32745	ENSP00000480971.1
P32745	ENSP00000481325.1
P31391	ENSP00000255008.3
P35346	ENSP00000293897.4
P35346	ENSP00000508487.1
Q9BXA5	ENSP00000355156.4
P25103	ENSP00000303522.4
P25103	ENSP00000386448.3
P21452	ENSP00000362403.4
P29371	ENSP00000303325.2
Q7RTX1	ENSP00000331867.6
Q7RTX1	ENSP00000312558.5
Q8TE23	ENSP00000364520.3
Q7RTX0	ENSP00000344411.5
Q9NYW7	ENSP00000371932.2
Q9NYW6	ENSP00000247879.2
Q9NYW5	ENSP00000247881.3
Q9NYW4	ENSP00000247883.4
Q9NYW3	ENSP00000240687.2
Q9NYW3	ENSP00000458498.1
Q9NYW3	ENSP00000484743.1
Q9NYW2	ENSP00000240615.2
Q9NYW2	ENSP00000461158.1
Q9NYW2	ENSP00000484163.1
Q9NYW1	ENSP00000240691.2
Q9NYW1	ENSP00000460247.1
Q9NYW1	ENSP00000480069.1
Q9NYW0	ENSP00000240619.2
Q9NYW0	ENSP00000461683.1
Q9NYW0	ENSP00000482990.1
Q9NYV9	ENSP00000375095.2
Q9NYV9	ENSP00000461365.1
Q9NYV9	ENSP00000478277.1
Q9NYV8	ENSP00000441949.1
Q9NYV8	ENSP00000458544.1
Q9NYV8	ENSP00000484251.1
Q9NYV7	ENSP00000249284.2
P59542	ENSP00000375091.2
P59542	ENSP00000461533.1
P59543	ENSP00000441624.1
P59543	ENSP00000459353.1
P59541	ENSP00000444736.1
P59541	ENSP00000458170.1
P59538	ENSP00000375093.2
P59538	ENSP00000459810.1
P59533	ENSP00000448219.1
P59534	ENSP00000405095.1
P59535	ENSP00000386210.3
P59536	ENSP00000386201.1
P59536	ENSP00000494656.1
Q7RTR8	ENSP00000334050.1
P59537	ENSP00000431719.1
P59537	ENSP00000458723.1
P59540	ENSP00000436450.1
P59540	ENSP00000460229.1
P59544	ENSP00000424040.1
P59544	ENSP00000458551.1
P59544	ENSP00000479785.1
P59551	ENSP00000327724.1
P59551	ENSP00000494922.1
P34981	ENSP00000309818.2
P34981	ENSP00000430711.2
Q96RJ0	ENSP00000275216.1
Q9UKP6	ENSP00000323516.2
P37288	ENSP00000299178.3
P47901	ENSP00000356094.4
P30518	ENSP00000338072.5
P30518	ENSP00000359066.1
P30518	ENSP00000496396.1
P30559	ENSP00000324270.2
P41586	ENSP00000306620.4
P41586	ENSP00000379514.2
P41586	ENSP00000387335.1
P41586	ENSP00000483721.1
P32241	ENSP00000327246.4
P32241	ENSP00000394950.1
P32241	ENSP00000415371.2
P32241	ENSP00000445701.1
P41587	ENSP00000262178.2
P41587	ENSP00000366860.3
P51843	ENSP00000368253.4
Q15466	ENSP00000254227.3
P10827	ENSP00000264637.4
P10827	ENSP00000377679.4
P10827	ENSP00000395641.3
P10827	ENSP00000443972.1
P10827	ENSP00000463466.1
P10828	ENSP00000280696.5
P10828	ENSP00000348827.4
P10828	ENSP00000379904.2
P10828	ENSP00000414444.1
P10828	ENSP00000494618.1
P10828	ENSP00000496029.1
P10828	ENSP00000496616.1
P10828	ENSP00000493709.1
P10828	ENSP00000496686.2
P10828	ENSP00000496509.1
P10276	ENSP00000254066.5
P10276	ENSP00000377643.3
P10276	ENSP00000377649.2
P10276	ENSP00000389993.3
P10826	ENSP00000332296.4
P10826	ENSP00000373282.5
P10826	ENSP00000398840.2
P10826	ENSP00000391391.1
P10826	ENSP00000510539.1
P10826	ENSP00000508588.1
P10826	ENSP00000510313.1
P10826	ENSP00000510650.1
P10826	ENSP00000508421.1
P13631	ENSP00000343698.5
P13631	ENSP00000377947.2
P13631	ENSP00000388510.2
P13631	ENSP00000444335.1
Q07869	ENSP00000385246.1
Q07869	ENSP00000385523.1
Q03181	ENSP00000310928.4
Q03181	ENSP00000337063.2
Q03181	ENSP00000353916.3
Q03181	ENSP00000413314.2
Q03181	ENSP00000414372.2
P37231	ENSP00000287820.6
P20393	ENSP00000246672.3
Q14995	ENSP00000310006.3
P35398	ENSP00000261523.5
P35398	ENSP00000335087.6
Q92753	ENSP00000366093.2
Q92753	ENSP00000379507.2
P51449	ENSP00000327025.6
P51449	ENSP00000349164.6
Q96RI1	ENSP00000188403.7
Q96RI1	ENSP00000376712.3
Q96RI1	ENSP00000448506.1
Q96RI1	ENSP00000448978.1
Q96RI1	ENSP00000447149.1
Q96RI1	ENSP00000496908.1
Q13133	ENSP00000378793.3
Q13133	ENSP00000384745.3
Q13133	ENSP00000385801.1
Q13133	ENSP00000387946.2
Q13133	ENSP00000420656.1
P55055	ENSP00000253727.4
P55055	ENSP00000396151.2
P55055	ENSP00000471194.1
P55055	ENSP00000499121.1
P11473	ENSP00000378734.2
P11473	ENSP00000449573.2
P11473	ENSP00000447173.1
O75469	ENSP00000336528.4
O75469	ENSP00000377319.3
O75469	ENSP00000420297.2
Q14994	ENSP00000356958.2
Q14994	ENSP00000356959.2
Q14994	ENSP00000356960.3
Q14994	ENSP00000356961.4
Q14994	ENSP00000356962.5
Q14994	ENSP00000356963.4
Q14994	ENSP00000356965.3
Q14994	ENSP00000399361.2
Q14994	ENSP00000412672.2
Q14994	ENSP00000407446.2
Q14994	ENSP00000406493.2
Q14994	ENSP00000424345.1
Q14994	ENSP00000424934.1
Q14994	ENSP00000423666.1
Q14994	ENSP00000427175.1
Q14994	ENSP00000425417.1
P41235	ENSP00000312987.3
P41235	ENSP00000315180.4
P41235	ENSP00000412111.1
P41235	ENSP00000410911.2
P41235	ENSP00000396216.1
P41235	ENSP00000476609.1
Q14541	ENSP00000346339.1
Q14541	ENSP00000501146.1
P19793	ENSP00000419692.1
P28702	ENSP00000363812.3
P28702	ENSP00000363817.4
P28702	ENSP00000372703.4
P28702	ENSP00000372704.4
P28702	ENSP00000402506.2
P28702	ENSP00000410468.2
P28702	ENSP00000393286.2
P28702	ENSP00000411238.2
P28702	ENSP00000415199.2
P28702	ENSP00000402590.2
P28702	ENSP00000400104.2
P28702	ENSP00000393870.2
P48443	ENSP00000352900.5
P13056	ENSP00000328843.7
P13056	ENSP00000333275.4
P13056	ENSP00000376813.3
P49116	ENSP00000320447.6
P49116	ENSP00000376814.3
P49116	ENSP00000384463.2
P49116	ENSP00000388387.1
P49116	ENSP00000483059.1
Q9Y466	ENSP00000357979.3
Q9Y466	ENSP00000357982.5
Q9Y5X4	ENSP00000482504.1
Q9Y5X4	ENSP00000479962.1
P10589	ENSP00000325819.3
P24468	ENSP00000377721.3
P24468	ENSP00000377726.2
P24468	ENSP00000401674.2
P24468	ENSP00000389853.2
P10588	ENSP00000291442.2
P03372	ENSP00000206249.3
P03372	ENSP00000342630.5
P03372	ENSP00000405330.1
P03372	ENSP00000387500.1
Q92731	ENSP00000267525.6
Q92731	ENSP00000343925.4
Q92731	ENSP00000345616.6
Q92731	ENSP00000335551.4
Q92731	ENSP00000351412.5
Q92731	ENSP00000452426.1
Q92731	ENSP00000450699.1
Q92731	ENSP00000450488.1
Q92731	ENSP00000451582.1
P11474	ENSP00000000442.6
P11474	ENSP00000384851.1
P11474	ENSP00000503245.1
O95718	ENSP00000370270.2
O95718	ENSP00000423004.1
O95718	ENSP00000422488.1
P62508	ENSP00000352077.2
P62508	ENSP00000353108.3
P62508	ENSP00000354584.2
P62508	ENSP00000355225.3
P62508	ENSP00000355904.1
P62508	ENSP00000355905.2
P62508	ENSP00000355907.2
P62508	ENSP00000375761.4
P62508	ENSP00000386171.3
P62508	ENSP00000418629.1
P62508	ENSP00000419155.1
P62508	ENSP00000419594.1
P62508	ENSP00000417374.1
P62508	ENSP00000481528.1
P62508	ENSP00000500992.1
P10275	ENSP00000363822.3
P10275	ENSP00000421155.1
P10275	ENSP00000484033.2
P04150	ENSP00000231509.3
P04150	ENSP00000343205.2
P04150	ENSP00000377977.2
P04150	ENSP00000377979.2
P04150	ENSP00000387672.2
P04150	ENSP00000405282.2
P04150	ENSP00000427672.1
P04150	ENSP00000422518.1
P08235	ENSP00000343907.4
P08235	ENSP00000341390.4
P08235	ENSP00000350815.3
P08235	ENSP00000421481.1
P08235	ENSP00000423510.1
P08235	ENSP00000486719.1
P06401	ENSP00000263463.5
P06401	ENSP00000325120.5
P06401	ENSP00000436561.1
P22736	ENSP00000243050.1
P22736	ENSP00000353427.3
P22736	ENSP00000378301.2
P22736	ENSP00000378302.1
P22736	ENSP00000449587.1
P22736	ENSP00000449539.1
P43354	ENSP00000344479.4
P43354	ENSP00000386747.1
P43354	ENSP00000389986.1
Q92570	ENSP00000333122.1
Q92570	ENSP00000340301.4
Q92570	ENSP00000378531.2
Q92570	ENSP00000482027.1
Q13285	ENSP00000362690.4
O00482	ENSP00000236914.3
O00482	ENSP00000356331.3
O00482	ENSP00000439116.1
Q15406	ENSP00000341135.4
Q15406	ENSP00000362686.3
Q15406	ENSP00000413701.2
Q15406	ENSP00000420267.1
P12319	ENSP00000357097.1
P12319	ENSP00000509626.1
Q01362	ENSP00000278888.3
P30273	ENSP00000289902.1
P06734	ENSP00000264072.6
P06734	ENSP00000471974.1
P56159	ENSP00000347591.6
P56159	ENSP00000358237.4
P56159	ENSP00000358239.1
P56159	ENSP00000393725.3
P56159	ENSP00000507970.1
P56159	ENSP00000506818.1
O00451	ENSP00000429445.1
O00451	ENSP00000429979.1
O00451	ENSP00000429206.1
O00451	ENSP00000428518.1
O60609	ENSP00000274721.3
O60609	ENSP00000367613.3
Q9GZZ7	ENSP00000290417.2
Q9GZZ7	ENSP00000313423.3
Q9GZZ7	ENSP00000435801.1
Q6UXV0	ENSP00000343636.2
Q969J5	ENSP00000296980.2
Q969J5	ENSP00000340920.3
Q969J5	ENSP00000296979.4
Q13651	ENSP00000227752.4
Q08334	ENSP00000290200.2
Q9UHF4	ENSP00000314976.5
Q9UHF4	ENSP00000356722.1
Q9UHF4	ENSP00000437843.1
Q6UXL0	ENSP00000328133.4
Q8N6P7	ENSP00000270800.1
Q8IU57	ENSP00000327824.1
Q8IU57	ENSP00000328994.2
Q8IU57	ENSP00000363539.3
Q8IU57	ENSP00000363542.3
P42701	ENSP00000314425.5
P42701	ENSP00000472165.2
P42701	ENSP00000470788.1
Q99665	ENSP00000262345.1
Q99665	ENSP00000360039.1
Q99665	ENSP00000442443.1
Q99665	ENSP00000497959.1
Q99665	ENSP00000501329.1
Q99665	ENSP00000512854.1
Q5VWK5	ENSP00000321345.5
Q5VWK5	ENSP00000387640.2
Q5VWK5	ENSP00000513138.1
Q5VWK5	ENSP00000513139.1
Q5VWK5	ENSP00000513140.1
Q5VWK5	ENSP00000513142.1
Q5VWK5	ENSP00000513190.1
Q5VWK5	ENSP00000513191.1
Q96F46	ENSP00000320936.6
Q96F46	ENSP00000479970.1
Q9NRM6	ENSP00000288167.3
Q8NAC3	ENSP00000295981.3
Q8NAC3	ENSP00000373323.4
Q8NAC3	ENSP00000384969.3
Q8NAC3	ENSP00000396064.1
Q8NAC3	ENSP00000395315.3
Q8NAC3	ENSP00000407894.1
Q8NAC3	ENSP00000512844.1
Q8NAC3	ENSP00000512897.1
Q8NFM7	ENSP00000296318.7
Q8NFM7	ENSP00000322250.5
Q8NFM7	ENSP00000417516.1
Q8NFR9	ENSP00000373325.3
Q8NFR9	ENSP00000388086.2
Q14627	ENSP00000243213.1
Q14627	ENSP00000361004.1
P01589	ENSP00000369293.3
P14784	ENSP00000216223.5
P14784	ENSP00000402685.2
P14784	ENSP00000401020.2
P14784	ENSP00000403731.2
P14784	ENSP00000514005.1
P14784	ENSP00000514009.1
P14784	ENSP00000514011.1
P14784	ENSP00000514012.1
P31785	ENSP00000363318.3
P24394	ENSP00000170630.3
P24394	ENSP00000379111.2
P24394	ENSP00000441667.2
P16871	ENSP00000306157.3
P16871	ENSP00000421207.1
Q01113	ENSP00000244174.5
Q01113	ENSP00000358431.2
P78552	ENSP00000360705.1
P78552	ENSP00000360730.3
Q13261	ENSP00000369306.1
Q13261	ENSP00000369312.3
Q13261	ENSP00000380422.2
Q13261	ENSP00000380426.3
Q13261	ENSP00000431529.2
Q13261	ENSP00000435454.1
Q13261	ENSP00000435995.1
Q9HBE5	ENSP00000338010.3
Q9HBE5	ENSP00000379103.4
Q9HBE5	ENSP00000456707.1
Q9HC73	ENSP00000370978.2
Q9HC73	ENSP00000370979.4
Q9HC73	ENSP00000383641.3
P26951	ENSP00000327890.4
P26951	ENSP00000370878.2
Q01344	ENSP00000256452.3
Q01344	ENSP00000309196.8
Q01344	ENSP00000373358.1
Q01344	ENSP00000400400.2
Q01344	ENSP00000390753.1
Q01344	ENSP00000412209.2
Q01344	ENSP00000392059.1
P15509	ENSP00000347606.3
P15509	ENSP00000348058.2
P15509	ENSP00000370911.1
P15509	ENSP00000370920.3
P15509	ENSP00000370935.3
P15509	ENSP00000370940.3
P15509	ENSP00000416437.2
P15509	ENSP00000512483.1
P32927	ENSP00000384053.3
P32927	ENSP00000385271.1
P08887	ENSP00000340589.4
P08887	ENSP00000357470.3
P40189	ENSP00000370694.3
P40189	ENSP00000370698.2
P40189	ENSP00000462158.1
P40189	ENSP00000435399.1
P40189	ENSP00000513858.1
Q14626	ENSP00000326500.8
Q14626	ENSP00000394391.3
Q14626	ENSP00000450640.2
Q14626	ENSP00000473647.1
Q14626	ENSP00000509204.1
Q6UWB1	ENSP00000263379.1
Q6UWB1	ENSP00000500946.1
Q8NI17	ENSP00000297015.4
Q8NI17	ENSP00000347047.4
Q8NI17	ENSP00000351935.5
Q8NI17	ENSP00000380048.2
Q8NI17	ENSP00000427533.1
Q8NI17	ENSP00000498630.1
P26992	ENSP00000242338.4
P26992	ENSP00000368265.3
P26992	ENSP00000480451.1
P48357	ENSP00000340884.8
P48357	ENSP00000330393.7
P48357	ENSP00000360097.1
P48357	ENSP00000360098.3
P48357	ENSP00000360099.3
P48357	ENSP00000483390.1
P42702	ENSP00000263409.4
P42702	ENSP00000398368.2
Q99650	ENSP00000274276.3
Q99650	ENSP00000422023.1
P25942	ENSP00000361350.3
P25942	ENSP00000361359.3
Q92956	ENSP00000347948.4
Q92956	ENSP00000478308.1
P14778	ENSP00000386380.1
P27930	ENSP00000330959.3
P27930	ENSP00000377066.2
P27930	ENSP00000414611.1
Q01638	ENSP00000233954.1
Q01638	ENSP00000310371.2
Q01638	ENSP00000384822.2
Q01638	ENSP00000391120.1
Q9HB29	ENSP00000264257.2
Q9HB29	ENSP00000413348.2
Q13478	ENSP00000233957.1
Q13478	ENSP00000387211.1
Q13478	ENSP00000386663.1
Q6IA17	ENSP00000333656.3
Q6IA17	ENSP00000380756.3
Q6IA17	ENSP00000403104.2
P56199	ENSP00000282588.5
P17301	ENSP00000296585.5
P08514	ENSP00000262407.5
P26006	ENSP00000007722.7
P26006	ENSP00000315190.8
P13612	ENSP00000340149.4
P13612	ENSP00000380227.2
P08648	ENSP00000293379.4
P23229	ENSP00000386896.1
P23229	ENSP00000386614.1
P23229	ENSP00000406694.1
P23229	ENSP00000394169.1
P23229	ENSP00000508249.1
Q13683	ENSP00000257879.7
Q13683	ENSP00000393844.2
Q13683	ENSP00000452120.1
Q13683	ENSP00000452387.1
P53708	ENSP00000367316.3
Q13797	ENSP00000264741.5
O75578	ENSP00000358310.3
O75578	ENSP00000439894.1
Q9UKX5	ENSP00000327290.7
Q9UKX5	ENSP00000403392.2
Q13349	ENSP00000373854.2
P38570	ENSP00000263087.4
P20701	ENSP00000349252.5
P20701	ENSP00000350886.5
P11215	ENSP00000441691.3
P11215	ENSP00000496959.1
P06756	ENSP00000261023.3
P06756	ENSP00000364042.3
P06756	ENSP00000404291.2
P20702	ENSP00000268296.5
P05556	ENSP00000303351.3
P05556	ENSP00000379350.2
P05556	ENSP00000404546.3
P05556	ENSP00000388694.1
P05556	ENSP00000398029.2
P05556	ENSP00000504641.1
P05556	ENSP00000502979.1
P05556	ENSP00000504508.1
P05556	ENSP00000503546.1
P05556	ENSP00000504205.1
P05556	ENSP00000503538.1
P05556	ENSP00000503916.1
P05556	ENSP00000504444.1
P05556	ENSP00000502882.1
P05107	ENSP00000303242.6
P05107	ENSP00000347279.4
P05107	ENSP00000380948.2
P05107	ENSP00000380950.1
P05107	ENSP00000380955.1
P05106	ENSP00000452786.2
P05106	ENSP00000513002.1
P16144	ENSP00000200181.3
P16144	ENSP00000400217.2
P16144	ENSP00000405536.3
P16144	ENSP00000463651.1
P18084	ENSP00000296181.4
P18564	ENSP00000283249.2
P18564	ENSP00000386367.1
P18564	ENSP00000386828.2
P26010	ENSP00000267082.4
P26010	ENSP00000408741.3
P26010	ENSP00000455374.2
P26012	ENSP00000222573.3
P26012	ENSP00000441561.1
P17181	ENSP00000270139.3
P17181	ENSP00000498654.1
P17181	ENSP00000514785.1
P48551	ENSP00000343289.3
P48551	ENSP00000343957.5
P48551	ENSP00000371699.3
P48551	ENSP00000384309.2
P48551	ENSP00000508013.1
P15260	ENSP00000356713.5
P38484	ENSP00000290219.5
P38484	ENSP00000458487.2
Q02108	ENSP00000296518.7
Q02108	ENSP00000412201.2
Q02108	ENSP00000424361.1
Q02108	ENSP00000421493.1
Q02108	ENSP00000426968.1
Q02108	ENSP00000426040.1
P33402	ENSP00000282249.2
P33402	ENSP00000344874.2
P33402	ENSP00000431245.2
Q02153	ENSP00000264424.8
Q02153	ENSP00000420842.1
Q02153	ENSP00000426319.1
Q9Y239	ENSP00000222823.4
Q9HC29	ENSP00000300589.2
Q9HC29	ENSP00000495993.1
Q7RTR2	ENSP00000352039.6
Q7RTR2	ENSP00000482989.1
Q9NPP4	ENSP00000339666.6
Q9NPP4	ENSP00000354159.5
Q9NPP4	ENSP00000385428.1
Q86WI3	ENSP00000262510.6
Q86WI3	ENSP00000441727.1
Q86WI3	ENSP00000441679.1
Q86WI3	ENSP00000509992.1
Q86UT6	ENSP00000292199.2
Q86UT6	ENSP00000387334.1
Q86UT6	ENSP00000386858.5
Q86UT6	ENSP00000386851.1
Q86UT6	ENSP00000433442.1
P33076	ENSP00000371257.5
Q9C000	ENSP00000262467.5
Q9C000	ENSP00000269280.4
Q9C000	ENSP00000346390.3
Q9C000	ENSP00000442029.2
Q9C000	ENSP00000459661.3
Q9C000	ENSP00000460475.1
Q9C000	ENSP00000458303.2
Q9C000	ENSP00000460216.1
Q9C000	ENSP00000478516.1
Q9C000	ENSP00000514534.1
Q9NX02	ENSP00000344074.7
Q9NX02	ENSP00000375601.4
Q9NX02	ENSP00000402474.2
Q9NX02	ENSP00000409370.2
Q9NX02	ENSP00000440601.1
Q9NX02	ENSP00000445135.1
Q9NX02	ENSP00000479220.1
Q9NX02	ENSP00000484150.1
Q9NX02	ENSP00000481999.1
Q9NX02	ENSP00000484354.1
Q9NX02	ENSP00000479109.1
Q9NX02	ENSP00000483281.1
Q9NX02	ENSP00000484351.1
Q9NX02	ENSP00000483963.1
Q9NX02	ENSP00000482628.1
Q9NX02	ENSP00000482889.1
Q9NX02	ENSP00000481851.1
Q9NX02	ENSP00000479352.1
Q9NX02	ENSP00000478876.1
Q9NX02	ENSP00000482355.1
Q9NX02	ENSP00000481564.1
Q9NX02	ENSP00000483886.1
Q9NX02	ENSP00000482465.1
Q9NX02	ENSP00000478787.1
Q9NX02	ENSP00000478318.1
Q9NX02	ENSP00000482309.1
Q9NX02	ENSP00000478265.1
Q9NX02	ENSP00000483528.1
Q9NX02	ENSP00000478774.1
Q9NX02	ENSP00000483389.1
Q9NX02	ENSP00000484382.1
Q9NX02	ENSP00000479783.1
Q9NX02	ENSP00000479713.1
Q9NX02	ENSP00000478450.1
Q9NX02	ENSP00000482253.1
Q9NX02	ENSP00000482044.1
Q9NX02	ENSP00000482065.1
Q9NX02	ENSP00000482727.1
Q9NX02	ENSP00000484759.1
Q9NX02	ENSP00000477726.1
Q96MN2	ENSP00000301295.4
Q96MN2	ENSP00000465463.1
P59047	ENSP00000375063.3
P59044	ENSP00000309767.4
P59044	ENSP00000433617.1
Q8WX94	ENSP00000329568.5
Q8WX94	ENSP00000339491.2
Q8WX94	ENSP00000467123.1
Q8WX94	ENSP00000465520.1
Q8WX94	ENSP00000468706.1
Q8WX94	ENSP00000482887.1
Q8WX94	ENSP00000478726.1
Q8WX94	ENSP00000478890.1
Q8WX94	ENSP00000479459.1
Q8WX94	ENSP00000481117.1
Q8WX94	ENSP00000483203.1
Q8WX94	ENSP00000484444.1
Q8WX94	ENSP00000484426.1
Q8WX94	ENSP00000480449.1
Q8WX94	ENSP00000483353.1
Q8WX94	ENSP00000480226.1
Q8WX94	ENSP00000481452.1
Q8WX94	ENSP00000484808.1
Q8WX94	ENSP00000481809.1
Q8WX94	ENSP00000480034.1
Q8WX94	ENSP00000482551.1
Q8WX94	ENSP00000481395.1
Q8WX94	ENSP00000479541.1
Q8WX94	ENSP00000482194.1
Q86W28	ENSP00000291971.3
Q86W28	ENSP00000468121.1
Q7RTR0	ENSP00000331857.2
Q7RTR0	ENSP00000465253.1
Q86W26	ENSP00000327763.2
Q86W26	ENSP00000478480.1
Q86W26	ENSP00000486762.1
Q86W26	ENSP00000509542.1
P59045	ENSP00000466285.1
P59045	ENSP00000468082.1
P59045	ENSP00000468196.1
P59046	ENSP00000319377.6
P59046	ENSP00000375653.1
P59046	ENSP00000375655.3
Q86W25	ENSP00000343891.3
Q86W24	ENSP00000299481.5
P19235	ENSP00000222139.5
P19235	ENSP00000467809.2
Q99062	ENSP00000332180.5
Q99062	ENSP00000355406.4
Q99062	ENSP00000362195.1
Q99062	ENSP00000362196.1
Q99062	ENSP00000362198.2
P10912	ENSP00000230882.4
P10912	ENSP00000350335.3
P10912	ENSP00000442206.2
P10912	ENSP00000478332.1
P10912	ENSP00000479846.1
P10912	ENSP00000478291.1
P10912	ENSP00000482373.1
P16471	ENSP00000231423.3
P16471	ENSP00000309008.5
P16471	ENSP00000311613.3
P16471	ENSP00000425300.2
P16471	ENSP00000422556.1
P16471	ENSP00000424841.1
P16471	ENSP00000422935.2
P16471	ENSP00000441813.2
P16471	ENSP00000482954.1
P16471	ENSP00000484768.1
P16471	ENSP00000482689.1
P40238	ENSP00000361548.3
P18433	ENSP00000216877.6
P18433	ENSP00000314568.5
P18433	ENSP00000348468.3
P18433	ENSP00000382787.2
P23467	ENSP00000261266.5
P23467	ENSP00000334928.6
P23467	ENSP00000438927.1
P23467	ENSP00000447302.1
P08575	ENSP00000306782.7
P08575	ENSP00000411355.3
P08575	ENSP00000461074.2
P08575	ENSP00000458322.2
P08575	ENSP00000513363.1
P23468	ENSP00000347373.5
P23468	ENSP00000348812.5
P23468	ENSP00000370593.3
P23468	ENSP00000380731.3
P23468	ENSP00000380735.3
P23468	ENSP00000417093.1
P23468	ENSP00000438164.1
P23468	ENSP00000489063.1
P23468	ENSP00000489509.1
P23468	ENSP00000489257.1
P23468	ENSP00000489439.1
P23468	ENSP00000488982.1
P23468	ENSP00000489155.1
P23468	ENSP00000489038.1
P23469	ENSP00000254667.3
P23469	ENSP00000303350.5
P10586	ENSP00000353030.4
P10586	ENSP00000398822.1
P23470	ENSP00000295874.10
P23470	ENSP00000418112.1
Q9HD43	ENSP00000263434.4
Q9HD43	ENSP00000365528.2
Q12913	ENSP00000400010.2
Q12913	ENSP00000409733.2
Q15262	ENSP00000357196.5
Q15262	ENSP00000357198.3
Q15262	ENSP00000357209.4
Q15262	ENSP00000432973.1
Q15262	ENSP00000484742.2
Q15262	ENSP00000483766.2
Q15262	ENSP00000477791.2
Q15262	ENSP00000486442.1
P28827	ENSP00000331418.8
P28827	ENSP00000463325.1
Q16849	ENSP00000295718.2
Q16849	ENSP00000386638.3
Q16849	ENSP00000392598.2
Q92932	ENSP00000374064.3
Q92932	ENSP00000374067.4
Q92932	ENSP00000374069.4
Q16827	ENSP00000281171.4
Q16827	ENSP00000343434.2
Q16827	ENSP00000404188.2
Q16827	ENSP00000393449.2
Q16827	ENSP00000437571.1
Q16827	ENSP00000444173.1
Q16827	ENSP00000439234.1
Q16827	ENSP00000501538.1
Q16827	ENSP00000501352.1
Q16827	ENSP00000501494.1
Q15256	ENSP00000283228.2
Q15256	ENSP00000339605.4
Q15256	ENSP00000368054.1
Q15256	ENSP00000391750.2
Q15256	ENSP00000446943.1
Q13332	ENSP00000262963.8
Q13332	ENSP00000467537.1
Q13332	ENSP00000465443.1
Q13332	ENSP00000467398.1
O14522	ENSP00000362283.1
O14522	ENSP00000362289.4
Q92729	ENSP00000334941.5
Q92729	ENSP00000362884.3
Q92729	ENSP00000392332.2
Q92729	ENSP00000432906.1
P23471	ENSP00000377047.2
P23471	ENSP00000410000.1
P23471	ENSP00000499137.1
O95786	ENSP00000369197.2
O95786	ENSP00000369213.2
Q9BYX4	ENSP00000408450.2
Q9BYX4	ENSP00000497271.1
Q96C10	ENSP00000251642.3
Q15399	ENSP00000354932.2
Q15399	ENSP00000421259.1
O60603	ENSP00000260010.6
O60603	ENSP00000495339.1
O60603	ENSP00000494425.1
O15455	ENSP00000296795.3
O15455	ENSP00000423684.1
O15455	ENSP00000513677.1
O15455	ENSP00000513668.1
O15455	ENSP00000513676.1
O00206	ENSP00000363089.5
O00206	ENSP00000377997.4
O60602	ENSP00000440643.1
Q9Y2C9	ENSP00000371376.1
Q9Y2C9	ENSP00000424718.2
Q9NYK1	ENSP00000370034.3
Q9NR97	ENSP00000218032.7
Q9NR97	ENSP00000312082.5
Q9NR96	ENSP00000353874.2
Q9BXR5	ENSP00000308925.4
Q9BXR5	ENSP00000354459.2
Q9BXR5	ENSP00000421483.1
Q9BXR5	ENSP00000424923.1
Q9BXR5	ENSP00000478206.1
Q9BXR5	ENSP00000478985.1
P16066	ENSP00000357669.3
P20594	ENSP00000341083.2
P25092	ENSP00000261170.3
P17342	ENSP00000265074.8
P17342	ENSP00000318340.2
P17342	ENSP00000398028.2
Q02846	ENSP00000254854.4
P51841	ENSP00000218006.2
P19438	ENSP00000162749.2
P19438	ENSP00000513672.1
P19438	ENSP00000513670.1
P19438	ENSP00000513671.1
P20333	ENSP00000365435.3
P36941	ENSP00000228918.4
P36941	ENSP00000440875.1
P43489	ENSP00000368538.3
P25445	ENSP00000347426.2
P25445	ENSP00000349896.2
P25445	ENSP00000424113.1
P25445	ENSP00000420975.1
P25445	ENSP00000425159.1
P25445	ENSP00000422453.1
P25445	ENSP00000423755.1
P25445	ENSP00000498466.1
P25445	ENSP00000513060.1
O95407	ENSP00000359013.1
P26842	ENSP00000266557.3
P28908	ENSP00000263932.2
P28908	ENSP00000398337.2
P28908	ENSP00000390650.2
Q07011	ENSP00000366729.3
O00220	ENSP00000221132.3
O14763	ENSP00000276431.4
O14763	ENSP00000317859.3
O14798	ENSP00000349324.4
Q9UBN6	ENSP00000310263.3
Q9Y6Q6	ENSP00000269485.7
Q9Y6Q6	ENSP00000465500.1
O00300	ENSP00000297350.4
Q93038	ENSP00000314451.3
Q93038	ENSP00000326762.3
Q93038	ENSP00000337713.5
Q93038	ENSP00000349341.3
Q93038	ENSP00000367013.3
Q93038	ENSP00000404274.2
Q93038	ENSP00000431554.1
Q93038	ENSP00000423121.1
Q93038	ENSP00000421976.1
Q93038	ENSP00000424071.1
Q9NP84	ENSP00000326737.5
Q9NP84	ENSP00000343894.5
O14836	ENSP00000261652.2
O14836	ENSP00000462952.1
Q96RJ3	ENSP00000291232.3
P08138	ENSP00000172229.3
P08138	ENSP00000421731.1
Q02223	ENSP00000053243.1
Q02223	ENSP00000379753.3
Q9Y5U5	ENSP00000328207.6
Q9Y5U5	ENSP00000368567.5
Q9Y5U5	ENSP00000368570.2
Q9NS68	ENSP00000248484.4
Q9NS68	ENSP00000371693.4
Q9NS68	ENSP00000371698.3
Q9NS68	ENSP00000385408.2
Q969Z4	ENSP00000064780.2
Q969Z4	ENSP00000377207.2
O75509	ENSP00000296861.2
Q9HAV5	ENSP00000253392.5
Q9HAV5	ENSP00000363851.3
Q9HAV5	ENSP00000379365.2
Q9HAV5	ENSP00000415242.3
Q9UNE0	ENSP00000258443.2
Q9UNE0	ENSP00000365839.1
Q9UNE0	ENSP00000386371.1
Q03167	ENSP00000212355.4
Q03167	ENSP00000359426.2
Q03167	ENSP00000432638.1
Q03167	ENSP00000436127.1
P16234	ENSP00000257290.5
P16234	ENSP00000425648.1
P16234	ENSP00000424218.1
P09619	ENSP00000261799.4
P10721	ENSP00000288135.6
P10721	ENSP00000509450.1
P07333	ENSP00000286301.3
P07333	ENSP00000445282.1
P07333	ENSP00000501699.1
P36888	ENSP00000241453.7
P27037	ENSP00000241416.7
P27037	ENSP00000384338.1
P27037	ENSP00000439988.1
Q13705	ENSP00000340361.3
Q16671	ENSP00000257863.3
Q16671	ENSP00000369117.3
Q16671	ENSP00000446661.1
Q13873	ENSP00000363702.2
Q13873	ENSP00000363708.4
P37173	ENSP00000295754.5
P37173	ENSP00000351905.4
P06213	ENSP00000303830.4
P06213	ENSP00000342838.4
P08069	ENSP00000497069.1
P14616	ENSP00000357178.3
P37023	ENSP00000373574.4
Q04771	ENSP00000263640.3
Q04771	ENSP00000387273.2
Q04771	ENSP00000387127.2
Q04771	ENSP00000400767.2
Q04771	ENSP00000405004.1
Q04771	ENSP00000440091.2
Q04771	ENSP00000500605.1
Q04771	ENSP00000500109.1
Q04771	ENSP00000507086.1
Q04771	ENSP00000507102.1
Q04771	ENSP00000508189.1
Q04771	ENSP00000507113.1
Q04771	ENSP00000507727.1
Q04771	ENSP00000508136.1
Q04771	ENSP00000507730.1
P36894	ENSP00000361107.2
P36894	ENSP00000489707.1
P36894	ENSP00000490273.1
P36894	ENSP00000492290.1
P36896	ENSP00000257963.4
P36896	ENSP00000397550.2
P36896	ENSP00000390477.2
P36896	ENSP00000442656.1
P36896	ENSP00000442885.1
P36897	ENSP00000364129.2
P36897	ENSP00000364133.4
P36897	ENSP00000447297.1
O00238	ENSP00000264568.4
O00238	ENSP00000378389.1
O00238	ENSP00000401907.2
O00238	ENSP00000421671.1
O00238	ENSP00000425444.1
O00238	ENSP00000426617.1
O00238	ENSP00000500035.1
Q8NER5	ENSP00000243349.7
Q8NER5	ENSP00000335178.7
Q8NER5	ENSP00000335139.6
Q8NER5	ENSP00000387168.3
P00533	ENSP00000275493.2
P00533	ENSP00000342376.3
P00533	ENSP00000345973.2
P00533	ENSP00000413843.2
P04626	ENSP00000269571.4
P04626	ENSP00000385185.2
P04626	ENSP00000446466.1
P04626	ENSP00000462438.1
P21860	ENSP00000267101.4
P21860	ENSP00000415753.2
P21860	ENSP00000408340.2
P21860	ENSP00000447510.1
P21860	ENSP00000506822.1
P21860	ENSP00000507402.1
P21860	ENSP00000508051.1
Q15303	ENSP00000342235.4
Q15303	ENSP00000403204.1
P17948	ENSP00000282397.4
P17948	ENSP00000442630.1
P17948	ENSP00000437631.1
P17948	ENSP00000437841.1
P17948	ENSP00000484039.1
P35968	ENSP00000263923.4
P35916	ENSP00000261937.6
P35916	ENSP00000377016.3
O15146	ENSP00000189978.6
O15146	ENSP00000363571.4
Q01973	ENSP00000360120.1
Q01973	ENSP00000360121.1
Q01974	ENSP00000364860.3
P04629	ENSP00000357179.3
P04629	ENSP00000431418.1
Q16620	ENSP00000277120.3
Q16620	ENSP00000306167.7
Q16620	ENSP00000352906.3
Q16620	ENSP00000365381.1
Q16620	ENSP00000365386.1
Q16620	ENSP00000379221.1
Q16620	ENSP00000509031.1
Q16620	ENSP00000509743.1
Q16620	ENSP00000510032.1
Q16620	ENSP00000510134.1
Q16620	ENSP00000509093.1
Q16620	ENSP00000510060.1
Q16620	ENSP00000510717.1
Q16620	ENSP00000509999.1
Q16620	ENSP00000508829.1
Q16620	ENSP00000508443.1
Q16620	ENSP00000509169.1
Q16620	ENSP00000510451.1
Q16620	ENSP00000510757.1
Q16620	ENSP00000509058.1
Q16620	ENSP00000509401.1
Q16620	ENSP00000510619.1
Q16620	ENSP00000508497.1
Q16620	ENSP00000508622.1
Q16620	ENSP00000510071.1
Q16620	ENSP00000509456.1
Q16620	ENSP00000510640.1
Q16288	ENSP00000318328.3
Q16288	ENSP00000350356.2
Q16288	ENSP00000377990.1
Q16288	ENSP00000453959.1
Q16288	ENSP00000485864.1
Q16288	ENSP00000511942.1
Q13308	ENSP00000230418.4
Q13308	ENSP00000230419.4
Q13308	ENSP00000325992.4
Q13308	ENSP00000325462.4
Q13308	ENSP00000326029.3
Q13308	ENSP00000418754.1
P11362	ENSP00000327229.6
P11362	ENSP00000337247.5
P11362	ENSP00000348537.5
P11362	ENSP00000380280.5
P11362	ENSP00000380297.4
P11362	ENSP00000380302.2
P11362	ENSP00000400162.2
P11362	ENSP00000433163.1
P11362	ENSP00000432972.1
P21802	ENSP00000263451.5
P21802	ENSP00000309878.10
P21802	ENSP00000348559.4
P21802	ENSP00000350166.5
P21802	ENSP00000351276.6
P21802	ENSP00000352309.2
P21802	ENSP00000353262.3
P21802	ENSP00000358052.1
P21802	ENSP00000358056.4
P21802	ENSP00000358057.4
P21802	ENSP00000410294.2
P21802	ENSP00000507633.1
P21802	ENSP00000508257.1
P22607	ENSP00000339824.4
P22607	ENSP00000231803.1
P22607	ENSP00000414914.2
P22455	ENSP00000292408.4
P22455	ENSP00000377254.1
P22455	ENSP00000424960.1
P21709	ENSP00000275815.3
P21709	ENSP00000494931.1
P29317	ENSP00000351209.5
P29320	ENSP00000337451.2
P29320	ENSP00000399926.2
P54764	ENSP00000281821.2
P54764	ENSP00000386829.1
P54756	ENSP00000273854.3
P54756	ENSP00000346899.4
Q9UF33	ENSP00000423950.1
Q9UF33	ENSP00000421711.1
Q15375	ENSP00000358303.1
Q15375	ENSP00000358309.4
Q15375	ENSP00000506130.1
P29322	ENSP00000166244.3
P29322	ENSP00000363775.4
Q5JZY3	ENSP00000316395.6
Q5JZY3	ENSP00000362139.4
P54762	ENSP00000381097.3
P54762	ENSP00000419574.1
P29323	ENSP00000363761.3
P29323	ENSP00000363763.3
P29323	ENSP00000383053.3
P54753	ENSP00000332118.2
P54760	ENSP00000350896.3
P54760	ENSP00000482702.1
P35590	ENSP00000361554.3
P35590	ENSP00000440063.1
Q02763	ENSP00000369375.4
Q02763	ENSP00000383977.4
Q02763	ENSP00000430686.1
P30530	ENSP00000301178.3
P30530	ENSP00000351995.2
Q06418	ENSP00000263798.3
Q12866	ENSP00000295408.4
Q12866	ENSP00000389152.2
P07949	ENSP00000344798.4
P07949	ENSP00000347942.3
P29376	ENSP00000263800.6
P29376	ENSP00000347293.5
P29376	ENSP00000392196.2
Q9UM73	ENSP00000373700.3
P08581	ENSP00000317272.6
P08581	ENSP00000380860.3
P08581	ENSP00000410980.2
Q04912	ENSP00000296474.3
Q04912	ENSP00000341325.4
Q04912	ENSP00000482642.1
Q6ZMQ8	ENSP00000324196.4
Q6ZMQ8	ENSP00000363924.2
Q8IWU2	ENSP00000297293.5
Q96Q04	ENSP00000472020.1
Q96Q04	ENSP00000500153.1
P08922	ENSP00000357494.3
Q08345	ENSP00000259875.7
Q08345	ENSP00000318217.8
Q08345	ENSP00000365751.2
Q08345	ENSP00000365752.3
Q08345	ENSP00000365753.3
Q08345	ENSP00000365754.4
Q08345	ENSP00000365759.4
Q08345	ENSP00000372868.2
Q08345	ENSP00000383261.1
Q08345	ENSP00000383262.1
Q08345	ENSP00000383265.1
Q08345	ENSP00000383334.1
Q08345	ENSP00000383336.1
Q08345	ENSP00000383337.3
Q08345	ENSP00000383338.1
Q08345	ENSP00000383339.1
Q08345	ENSP00000391805.1
Q08345	ENSP00000405540.1
Q08345	ENSP00000407699.2
Q08345	ENSP00000416183.1
Q08345	ENSP00000415730.2
Q08345	ENSP00000416145.2
Q08345	ENSP00000401397.1
Q08345	ENSP00000397769.1
Q08345	ENSP00000414285.1
Q08345	ENSP00000405039.1
Q08345	ENSP00000401208.1
Q08345	ENSP00000406091.2
Q08345	ENSP00000400393.1
Q08345	ENSP00000421978.1
Q08345	ENSP00000422442.1
Q08345	ENSP00000427552.1
Q08345	ENSP00000449611.2
Q08345	ENSP00000448115.2
Q08345	ENSP00000449238.2
Q08345	ENSP00000447474.2
Q08345	ENSP00000449255.2
Q08345	ENSP00000449190.2
Q08345	ENSP00000449307.2
Q08345	ENSP00000448377.2
Q08345	ENSP00000479195.1
Q08345	ENSP00000479204.1
Q08345	ENSP00000484588.1
Q08345	ENSP00000484013.1
Q16832	ENSP00000356898.3
Q16832	ENSP00000356899.2
Q16832	ENSP00000400309.2
P34925	ENSP00000478721.1
P34925	ENSP00000485095.1
Q6J9G0	ENSP00000075503.3
