,M_1,M_2,M_3,M_4,M_5,M_6,M_7,M_8,M_9,M_10,M_11,M_12,M_13,M_14,M_15,M_16,M_17,M_18,M_19,M_20,M_21,M_22,M_23,M_24,M_25,M_26,M_27,M_28,M_29,M_30,M_31,M_32,M_33,M_34,M_35,M_36,M_37,M_38,M_39,M_40,M_41,M_42,M_43,M_44,M_45,M_46,M_47,M_48,M_49,M_50,M_51,M_52,M_53,M_54,M_55,M_56,M_57,M_58,M_59,M_60,M_61,M_62,M_63,M_64,M_65,M_66,M_67,M_68,M_69,M_70,M_71,M_72,M_73,M_74,M_75,M_76,M_77,M_78,M_79,M_80,M_81,M_83,M_84,M_85,M_87,M_88,M_89,M_90,M_91,M_92,M_93,M_94,M_95,M_96,M_97,M_98,M_99,M_100,M_101,M_102,M_103,M_105,M_106,M_107,M_108,M_109,M_110,M_111,M_112,M_113,M_114,M_115,M_116,M_117,M_118,M_119,M_120,M_121,M_122,M_123,M_124,M_125,M_126,M_127,M_128,M_129,M_130,M_131,M_132,M_133,M_134,M_135,M_136,M_137,M_138,M_139,M_140,M_141,M_142,M_143,M_144,M_145,M_146,M_147,M_148,M_149,M_150,M_151,M_152,M_153,M_154,M_155,M_156,M_157,M_158,M_159,M_160,M_161,M_162,M_163,M_164,M_165,M_166,M_167,M_168,M_169,M_170,M_171
11H,0.012086123,0.006095618,0.015612066,0.0034246594,6.798655e-08,0.0017409772,0.03625408,0.0022986084,2.603978e-05,0.0035692602,0.016352236,0.02337274,0.019436508,0.021500826,0.0021537691,0.007118553,0.0002118051,2.194196e-05,0.0017082542,1.8626451e-08,5.3569674e-06,6.61239e-08,0.01642853,5.820766e-09,0.009384185,-4.656613e-09,0.009740174,0.0,2.5890768e-07,0.00011062622,0.00013253838,3.7226826e-05,0.00018000603,0.026435435,0.0007135719,1.14087015e-08,0.015316933,2.6423484e-05,3.436953e-05,0.005852014,0.0077082217,1.6234815e-05,0.00033532828,6.246939e-05,7.7504665e-05,6.762147e-05,0.08752549,2.0246953e-06,0.023600757,0.020885617,0.008443177,0.008417189,0.003584832,0.008637339,2.5592744e-06,4.4956803e-05,0.001483947,0.002439931,1.821667e-06,0.00062943995,0.00030758232,0.015936226,0.012493819,9.94578e-05,0.00537394,4.949048e-06,7.817522e-06,0.0020368993,0.010700256,1.6540289e-06,0.0002603382,0.0038408786,3.4924597e-10,1.2572855e-06,2.0489097e-07,0.005700141,-7.4505806e-07,0.008623809,3.6831945e-05,0.011259675,0.0002277419,-2.2396445e-05,0.0017965138,0.023476273,0.0033444613,0.011892676,1.4901161e-07,0.111640334,1.9092113e-08,7.975474e-05,0.00014918298,0.0,0.0011867583,-2.7101487e-07,0.0018503815,0.018780142,7.521361e-06,3.6135316e-07,0.00093860924,0.008829266,0.013737917,3.3266842e-06,-6.876886e-06,0.00061229616,0.018500835,0.0007582009,0.004415378,0.0011959672,0.0041106343,0.025730759,0.0019659698,3.822148e-06,2.6557595e-05,4.405156e-06,0.0037145466,3.310293e-05,0.0007380694,9.804219e-05,0.025600702,0.0013943911,3.502518e-05,2.8796494e-06,4.7132373e-05,0.005273089,0.008097857,8.234754e-06,0.0007266551,0.014395475,0.010264367,1.8447638e-05,9.601936e-07,1.3411045e-06,0.0015464872,0.0027659237,0.006604165,0.00042898953,0.008188754,0.03570652,4.8428774e-08,0.00025559217,0.00027303398,0.0004697889,0.0040955245,8.46833e-05,0.001496762,5.396083e-06,0.006081909,0.007149875,2.7488917e-05,4.004687e-06,0.00020721555,0.015065551,9.825453e-08,0.0022992939,0.023585707,3.9488077e-07,5.180016e-06,0.00039941818,7.878989e-07,0.00092341006,0.00018891692,4.9360096e-08,9.605661e-06,0.022876203,0.0018099993,0.027741462,1.094304e-08,3.958121e-06
11T,0.012149066,0.0030844212,0.016530842,0.0055351257,-5.820766e-11,0.0022970438,0.03804794,0.0014720857,-1.2684613e-06,0.0015436709,0.009444773,0.022795588,0.018805265,0.013425529,0.0019043386,0.007124454,-1.7462298e-09,6.398186e-07,0.0016668588,2.6077032e-08,3.0733645e-08,4.861504e-07,0.015643686,0.0,0.0076349676,-6.9849193e-10,0.009856433,4.0978193e-08,4.651025e-05,0.00024582446,0.00013760477,3.613159e-05,6.51516e-05,0.026382089,1.1797994e-05,3.4924597e-09,0.01493752,2.0395964e-07,4.5169145e-08,0.005883366,0.0076881647,1.1492521e-05,0.0003356114,-1.14087015e-08,4.6100467e-08,9.201467e-05,0.07275635,2.1383166e-06,0.02200067,0.020874143,0.008356482,0.008410394,0.0065942705,0.008380175,7.096678e-06,2.0954758e-09,0.001907587,0.0022671074,-2.2118911e-09,0.00038218498,0.00027082115,0.015208095,0.012480468,9.313226e-10,0.00042627007,7.683411e-08,3.7718564e-08,0.0006464794,0.010700494,2.5853515e-06,0.0006266311,0.0058638155,1.9790605e-09,3.4552068e-07,2.4586916e-07,0.005699903,-7.4505806e-07,0.00991714,5.6944788e-05,0.011499852,0.0002277419,-2.2396445e-05,0.0018129796,0.06675959,0.002709791,0.012659609,2.561137e-08,0.08493513,2.3562461e-07,7.9758465e-05,6.053597e-08,0.0,-3.7252903e-09,-2.7101487e-07,0.0018503815,0.019755036,-3.958121e-09,5.820766e-11,0.00093467534,0.008603364,0.013841778,4.1909516e-09,1.8719584e-06,0.0006994307,0.018505841,0.0009752065,0.0051924884,0.0011481941,0.004146084,0.016252637,0.0025832653,4.660338e-06,2.560392e-05,8.359551e-06,0.0041211247,0.00013039261,0.00074100494,0.0001617074,0.02792713,0.001412034,0.00017364323,8.838251e-07,6.3478947e-06,0.009686679,0.008097857,1.2740493e-05,0.0041155964,0.037078828,0.013716161,2.0340085e-05,1.2889504e-06,1.237914e-05,0.0016056746,0.0028473735,0.0054181814,0.000593178,0.010617465,0.015146464,4.33065e-08,0.00026494265,0.00027303398,0.00047823042,0.0040955245,8.467585e-05,0.001524955,7.769093e-06,0.0047115237,0.006906539,2.9057264e-07,0.00013154,1.3817102e-05,0.01595521,-9.546056e-09,0.0064124465,0.026920706,4.1071326e-07,9.4622374e-07,0.0003296435,8.7637454e-07,0.0015621036,0.00010152906,3.4365803e-07,-5.7555735e-07,0.018267125,0.00239186,0.019139647,1.3504177e-08,8.375198e-05
15H,0.01190272,0.0066637397,0.01569572,0.004253939,4.6100467e-08,0.0024175793,0.036225885,0.0023204237,1.790002e-05,0.00305368,0.015284538,0.02291271,0.019607306,0.019474864,0.002218783,0.0071188807,0.0002751872,8.568168e-06,0.0017081052,3.259629e-08,2.7064234e-06,4.3027103e-07,0.016455114,3.7252903e-09,0.011965424,-3.0267984e-09,0.009740114,-1.7462298e-10,3.0584633e-06,9.614229e-05,0.00011958182,4.3991953e-05,0.00018949062,0.022541702,0.00038995594,5.8673322e-08,0.015174836,0.0001545474,3.3468008e-05,0.00585109,0.007708341,1.1779368e-05,0.00033529848,7.8231096e-05,7.155165e-05,6.16014e-05,0.087634444,1.9725412e-06,0.023452878,0.0208897,0.008458823,0.008420169,0.0035827905,0.00942868,7.843599e-06,2.5790185e-05,0.0015649348,0.0020932555,7.2363764e-07,0.00067685544,0.00036777556,0.014480919,0.0124872625,0.00017398596,0.004844561,5.673617e-06,6.2808394e-06,0.0021440834,0.010699332,1.417473e-06,0.00021153688,0.0030109882,4.656613e-10,1.7378479e-06,2.0116568e-07,0.005700171,-7.4505806e-07,0.008696854,3.9584935e-05,0.0113758445,0.0002277419,-2.2396445e-05,0.0018024445,0.030515462,0.0044405162,0.012274861,1.157634e-06,0.12261778,4.9360096e-08,7.975474e-05,0.00013757497,0.0,0.0010142475,-2.7101487e-07,0.0018503815,0.01926276,7.877126e-06,3.6507845e-07,0.0009382367,0.008857399,0.013981789,5.932525e-06,2.7939677e-09,0.00065460056,0.018497825,0.00071819127,0.0035173148,0.0011896938,0.00411205,0.021153599,0.0017349422,9.099022e-06,1.6566366e-05,4.5914203e-07,0.0026693046,2.3722649e-05,0.000736922,0.00012352318,0.026073486,0.0013919324,3.780797e-05,1.4454126e-06,6.116554e-05,0.009741634,0.008097857,1.8652529e-05,0.0010811388,0.019242793,0.009969354,5.692616e-05,9.955838e-07,3.4552068e-07,0.0015782267,0.0027967095,0.006592095,0.000432536,0.006777048,0.025976479,3.259629e-08,0.0002811104,0.00027303398,0.00044700503,0.0040955245,8.46833e-05,0.0014878511,1.6298145e-06,0.0047802627,0.0069195926,3.0338764e-05,7.1302056e-06,0.00019028783,0.015271425,6.35162e-07,0.0015479028,0.020784378,2.3841858e-07,3.4403056e-06,0.000550285,8.335337e-07,0.00049991906,8.139387e-05,1.7974526e-07,1.1868775e-05,0.020524919,0.0012772679,0.010485947,1.094304e-08,1.1984259e-05
15T,0.011263907,0.00636518,0.017874599,0.0041157305,-3.7252903e-09,0.0045315027,0.04404685,0.0024124086,-4.656613e-08,0.0009448081,0.009944886,0.023066401,0.02044335,0.0116711855,0.002191484,0.007119894,9.359792e-08,1.5739352e-05,0.0016527772,2.4214387e-08,1.0291114e-06,-1.0477379e-08,0.01660198,4.8894435e-09,0.0028449446,-2.910383e-11,0.0097926855,1.5506521e-07,8.701533e-05,0.0001784563,0.000119552016,4.0479004e-05,5.8297068e-05,0.031247616,4.3604523e-06,7.357448e-08,0.014988065,2.0489097e-07,-3.427267e-07,0.005903065,0.007685274,6.0182065e-06,0.00033577532,-1.9352883e-06,-0.0001303032,6.539747e-05,0.08068597,2.456829e-06,0.022010565,0.020873696,0.008533478,0.008410603,0.0024800748,0.0074821413,2.5648624e-06,3.306195e-07,0.0015036613,0.0037800372,-1.2805685e-09,0.00045598298,0.00021517277,0.01889366,0.012480259,0.0,0.0012752712,-1.7974526e-07,1.8905848e-06,0.0010190755,0.010717541,1.8890947e-05,0.0010874718,0.0060346723,1.2805685e-09,3.0454248e-07,1.8905848e-07,0.0057004094,-7.4505806e-07,0.011566311,4.2960048e-05,0.014385372,0.0002277419,-2.2396445e-05,0.0017693043,0.054673195,0.0023289025,0.014962941,1.0319054e-05,0.034536004,2.8871e-08,7.975474e-05,-1.475215e-06,9.778887e-09,-4.61787e-05,-2.7101487e-07,0.0018503815,0.021756083,-1.0617077e-07,-4.5914203e-07,0.000937745,0.008566707,0.013966143,-1.1166558e-06,0.0005149096,0.00064869225,0.01850763,0.0015327483,0.014242232,0.0011603832,0.0041703135,0.018728316,0.0017967969,4.509464e-06,2.9698014e-05,2.1226704e-05,0.0071067214,0.00019304454,0.00074502826,0.0001283884,0.026069343,0.0014035255,6.689131e-05,8.8475645e-08,1.1347234e-05,0.009905964,0.008097917,4.072115e-05,0.001541391,0.043349147,0.008753061,-1.9744039e-07,1.2619421e-06,0.0005097538,0.002051577,0.0029902905,0.003673017,0.0005824566,0.011296749,0.009911686,2.3283064e-08,0.00019018352,0.00027303398,0.00074902177,0.0040955245,8.467585e-05,0.0018700957,2.5965273e-06,0.0042981207,0.0068256557,-5.5041164e-07,-5.165115e-06,4.2431056e-06,0.015432209,-1.0291114e-06,0.040083468,0.033365875,1.0179356e-06,1.2246892e-07,0.00024595112,4.136935e-06,0.010923177,0.00090664625,2.477318e-07,-4.934147e-06,0.019944936,0.0035652965,0.015012294,2.2351742e-08,0.00017059594
16H,0.012116015,0.00472562,0.015990138,0.0036750436,1.5366822e-08,0.001938507,0.03751132,0.0021374822,2.803281e-06,0.002641514,0.01139456,0.022872657,0.019487739,0.018423915,0.002250716,0.007120192,5.279109e-05,2.2631139e-07,0.0016851723,3.8649887e-08,1.3150275e-06,8.3167106e-07,0.016023248,1.2805685e-09,0.0045811087,-2.3283064e-09,0.009694785,7.450581e-09,4.607439e-05,0.00014618784,0.000100404024,4.9624592e-05,0.00011258572,0.021477103,0.00020634383,2.7939677e-08,0.01516974,1.9669533e-05,4.1276217e-06,0.0058707893,0.0076889396,1.8440187e-06,0.0003356114,1.8868595e-05,4.3921173e-06,6.020814e-05,0.084499,1.899898e-06,0.02211842,0.02087915,0.008438557,0.008410752,0.0040962696,0.008651167,1.0985881e-05,6.1281025e-07,0.0015629828,0.001668334,2.0582229e-07,0.00048551708,0.0003330186,0.015154451,0.012488872,2.0194799e-05,0.0018954873,9.620562e-07,1.0086223e-06,0.0013360232,0.010700405,4.0438026e-06,0.0011136979,0.0036132038,3.4924597e-10,7.962808e-07,2.2444874e-07,0.0057000816,-7.4505806e-07,0.009439945,4.3675303e-05,0.011684507,0.0002277419,-2.2396445e-05,0.0018061697,0.045110554,0.0030792952,0.012229264,1.7136335e-07,0.10088885,1.2945384e-07,7.976219e-05,1.0535121e-05,0.0,0.00046213716,-2.7101487e-07,0.0018503815,0.02021429,1.6577542e-06,2.0116568e-07,0.0009345561,0.008707076,0.014002413,2.1010637e-06,3.973022e-06,0.0008547008,0.018492669,0.0010763109,0.014814347,0.0011863112,0.004176885,0.021231115,0.0022548437,4.839152e-06,1.8898398e-05,1.0067597e-06,0.0037748367,1.1254102e-05,0.0007393807,0.00015750527,0.026907086,0.0013974756,7.417798e-05,3.2186508e-06,4.5169145e-07,0.008398145,0.008097857,2.6971102e-06,0.0018938631,0.03756526,0.009875089,4.7147274e-05,9.778887e-07,1.6465783e-06,0.0016615987,0.0029272735,0.005260274,0.0005282834,0.009517819,0.019783586,5.3085387e-08,0.00023391843,0.00027303398,0.00046136975,0.0040955245,8.46833e-05,0.001573205,1.9535422e-05,0.005245,0.007005334,7.964671e-06,1.180917e-05,0.00014094263,0.015489638,-9.825453e-08,0.0030478835,0.027750522,5.401671e-07,2.4344772e-06,0.00046928972,2.9616058e-07,0.0005989596,0.00025056303,7.310882e-08,4.5262277e-06,0.01968506,0.0009366274,0.0100052655,1.21071935e-08,2.5108457e-05
16T,0.011278093,0.0047560334,0.017344385,0.0060786903,-1.839362e-08,0.0037614256,0.039396614,0.0022771358,-2.4680048e-08,0.0014999658,0.013338655,0.02286598,0.01906833,0.017873824,0.0020564198,0.007122457,1.7601997e-07,1.469627e-05,0.0016741902,2.4680048e-08,3.7718564e-07,2.0675361e-07,0.01636225,8.614734e-09,0.0036057383,-2.7939677e-09,0.009754509,2.8125942e-07,7.541105e-05,0.00020126253,7.066876e-05,5.1964074e-05,3.9622188e-05,0.023306906,1.0114163e-06,2.7939677e-08,0.014897287,1.4565885e-06,-6.9849193e-10,0.005937487,0.007689446,3.1478703e-07,0.00033544004,-1.2796372e-06,-2.9150397e-06,8.340925e-05,0.07310772,1.7341226e-06,0.022176951,0.0208745,0.008555621,0.0084068775,0.0066170692,0.0067792237,8.85129e-06,1.7462298e-10,0.001264587,0.00271523,-2.910383e-11,0.0003677383,0.00027433783,0.012739837,0.012489468,6.9849193e-10,0.001480192,-4.656613e-10,2.4288893e-06,0.00095532835,0.010718942,1.7553568e-05,0.0032151341,0.010154307,0.0,3.874302e-07,2.4400651e-07,0.005700022,-7.4505806e-07,0.0115811825,5.5219978e-05,0.015274882,0.0002277419,-2.2396445e-05,0.0018127412,0.048086375,0.0018269271,0.016610235,9.726733e-06,0.09351021,1.8905848e-07,7.9758465e-05,-3.0267984e-08,8.8475645e-09,2.2295862e-06,-2.7101487e-07,0.0018503815,0.0214549,5.820766e-10,1.21071935e-08,0.0009343773,0.008565724,0.014378369,3.678724e-08,0.0011963993,0.00069089234,0.018492013,0.0012131482,0.005385518,0.001164645,0.0041400194,0.017383248,0.002073422,3.2167882e-06,2.5581568e-05,2.1882355e-05,0.0051570833,0.000109024346,0.0007427186,0.00020521879,0.025723636,0.0014037639,0.00015833229,1.0877848e-06,4.7273934e-06,0.005467832,0.008097857,6.18957e-06,0.003336817,0.049704254,0.013726801,4.1183084e-05,1.3392419e-06,6.835908e-05,0.0021239072,0.0027358234,0.0047712624,0.0005973652,0.010710567,0.020400286,1.1874363e-07,0.0001841262,0.00027303398,0.00052616,0.0040955245,8.46833e-05,0.0016523749,2.8368086e-05,0.007873684,0.0074270368,4.2282045e-07,3.7964433e-05,8.7186694e-05,0.015330344,-3.8929284e-07,0.014424741,0.029633969,6.845221e-07,2.6542693e-08,0.00045706332,1.3206154e-06,0.003860563,8.788705e-05,1.02911144e-07,-2.5052577e-07,0.016254872,0.0043141693,0.018021792,1.3271347e-08,0.00019649416
24H,0.012072206,0.008914769,0.01602599,0.002523318,9.5460564e-08,0.0034786165,0.0380176,0.0028222501,3.953278e-05,0.0062051415,0.01831472,0.023450792,0.020511448,0.021483988,0.0024270117,0.007115394,8.582324e-05,0.00043637305,0.0017437488,1.7462298e-09,9.730458e-06,1.0626391e-06,0.017244786,2.910383e-11,0.007936031,0.0,0.009781539,-5.820766e-09,5.086884e-06,9.600073e-05,6.297603e-05,3.3579767e-05,0.00028449297,0.020833552,0.00068841875,2.2351742e-08,0.015272111,8.8855624e-05,0.00012351573,0.0058631003,0.0076931417,2.4735928e-06,0.00033474714,0.00025069714,0.00039932132,2.0243227e-05,0.09622598,2.156943e-06,0.02242124,0.020901084,0.008805513,0.0084267855,0.0032960624,0.011911273,1.6253442e-05,5.6687742e-05,0.0011059791,0.0019171536,2.0451844e-06,0.0008060634,0.0005516857,0.01979354,0.012496918,0.0003047213,0.008492827,1.9200146e-05,8.346513e-06,0.0025661737,0.0107034445,2.849847e-06,0.00049188733,0.0027115047,0.0,4.4330955e-06,1.7229468e-07,0.005700588,-7.4505806e-07,0.009601831,3.3970922e-05,0.011313379,0.0002277419,-2.2396445e-05,0.0017908663,0.021563947,0.0043454915,0.011888206,5.180016e-06,0.107765734,9.546056e-09,7.974729e-05,0.00010795146,0.0,0.0015465617,-2.7101487e-07,0.0018503815,0.018437535,1.0762364e-05,2.1792948e-07,0.0009377152,0.008878678,0.013871431,6.5900385e-06,-1.1321157e-05,0.0007022619,0.018493623,0.0008095354,0.0032635033,0.0011936426,0.004170239,0.029306889,0.0022688955,5.9511513e-06,3.335625e-05,7.636845e-07,0.003756687,1.5929341e-05,0.0007380545,0.00011404604,0.026308507,0.0013956279,4.0035695e-05,5.3457916e-06,2.7619302e-05,0.006478846,0.008097857,4.472211e-06,0.0010655969,0.00754416,0.009523153,5.872175e-05,9.490177e-07,-2.6915222e-07,0.0018755496,0.0028208345,0.00642246,0.00033076853,0.0065294206,0.056598783,9.1735274e-08,0.00018719584,0.00027303398,0.00055038184,0.0040955245,8.46833e-05,0.0015832484,3.2875687e-07,0.0045544356,0.00687629,3.1147152e-05,2.0023435e-08,0.00034751743,0.015445322,3.4738332e-07,0.0017838031,0.022647798,3.1199306e-07,4.9639493e-06,0.0006291047,2.5890768e-07,0.00086016953,0.00014910102,1.7043203e-07,8.725375e-05,0.02276364,0.0008697808,0.013777494,1.0477379e-08,7.1264803e-06
24T,0.0119870305,0.0055461526,0.016975224,0.005540192,-2.4680048e-08,0.0023975521,0.040125906,0.0015316904,1.1175871e-07,0.0014928877,0.0178608,0.022720277,0.019672215,0.013613492,0.0021329373,0.0071235895,3.5390258e-08,4.2416155e-05,0.0016922355,2.7939677e-08,3.6228448e-07,2.7287751e-07,0.015934885,7.683411e-09,0.0069499314,-7.21775e-09,0.009806365,5.820766e-09,4.9907714e-05,0.00023782253,0.00016290694,4.076585e-05,6.947294e-05,0.02380398,1.4524907e-05,1.8719584e-07,0.0150746405,1.9147992e-06,1.6037375e-06,0.0059149563,0.0076982975,4.9006194e-06,0.0003354028,-5.820766e-08,1.9501895e-05,5.6236982e-05,0.0807848,1.8682331e-06,0.022892088,0.020876467,0.008296877,0.008415312,0.005216837,0.007407546,2.0626932e-05,-7.580966e-07,0.001403138,0.0028954595,1.1641532e-10,0.00026991963,0.00044127554,0.0206334,0.012487322,1.8626451e-09,0.0019326508,8.614734e-08,4.8894435e-09,0.00063119084,0.010708094,8.972362e-06,0.0038197935,0.008510262,6.9849193e-10,3.4738332e-07,2.4680048e-07,0.0056999326,-7.4505806e-07,0.011472583,5.460158e-05,0.015952677,0.00022774935,-2.2396445e-05,0.0018097162,0.03592083,0.0017638654,0.014323711,1.5133992e-09,0.08612698,2.0023435e-08,7.975474e-05,6.83032e-05,0.0,-1.8570572e-06,-2.7101487e-07,0.0018503815,0.020140141,0.0,-1.0011718e-08,0.00093370676,0.008558601,0.01399973,1.839362e-08,1.354143e-05,0.00056234,0.018495709,0.0011592358,0.0054614246,0.0011609644,0.0040901303,0.018932521,0.00240165,4.5020133e-06,3.0197203e-05,2.7563423e-05,0.0037282258,0.00017244369,0.00074090064,0.00019738823,0.025192767,0.0014052242,0.0005223453,1.9967556e-06,3.1635165e-05,0.006512761,0.008097857,1.2904406e-05,0.0038221478,0.01512152,0.011575848,1.2747943e-05,1.2796372e-06,4.349649e-05,0.0018581003,0.0028216392,0.004691392,0.0005772561,0.009867549,0.01941362,1.0244548e-07,0.00019585341,0.00027303398,0.00059410185,0.0040955245,8.467585e-05,0.0017073452,5.1427633e-06,0.008164465,0.00746873,4.2002648e-07,5.6520104e-05,0.00010802597,0.015814722,-2.910383e-11,0.010636419,0.028314948,4.861504e-07,4.0605664e-07,0.00071406364,5.029142e-07,0.0018041581,3.279373e-05,2.3655593e-07,3.548339e-07,0.020524144,0.002668023,0.010540903,1.3038516e-08,9.864569e-05
29H,0.011771619,0.004966408,0.016136289,0.0048279315,7.171184e-08,0.00197123,0.03625104,0.002568394,1.0915101e-05,0.004629582,0.018673837,0.023625523,0.02005729,0.014535278,0.0022390932,0.0071177483,0.00022851676,7.124618e-08,0.0016783327,2.7008355e-08,1.6391277e-06,6.32368e-07,0.015776336,2.514571e-08,0.010829687,-1.9557774e-08,0.0097595155,1.6577542e-07,6.51367e-06,0.00017682463,6.490573e-05,2.169609e-05,0.00015510619,0.021011353,0.00035001338,1.1874363e-08,0.014914393,4.0460378e-05,-9.778887e-09,0.005859107,0.0077043176,8.333474e-06,0.00033537298,1.4718622e-05,9.415671e-07,4.5176595e-05,0.08515769,2.041459e-06,0.02292195,0.020875424,0.008529156,0.0084019005,0.004548058,0.008447647,4.953891e-05,1.21071935e-08,0.0016821176,0.0029002428,-2.561137e-09,0.00032442808,0.00039810687,0.023326784,0.012501717,2.3283064e-07,0.0017728806,-5.820766e-11,1.5227124e-07,0.0025500953,0.010707885,3.885478e-06,0.0004137084,0.0057537258,1.2805685e-09,2.47173e-06,2.1513551e-07,0.005700201,-7.4505806e-07,0.00908342,3.7141144e-05,0.012725234,0.0002277419,-2.2396445e-05,0.0017549545,0.025028288,0.0054943264,0.012427777,-5.2619725e-08,0.06879145,3.7252903e-09,7.9743564e-05,6.539747e-05,-2.910383e-11,-1.7462298e-10,-2.7101487e-07,0.0018503815,0.019562304,7.333234e-06,3.7066638e-07,0.0009392202,0.008866966,0.013186485,1.0570511e-07,-3.6254525e-05,0.00068335235,0.018490404,0.00074499846,0.008115768,0.0012240112,0.0039453804,0.025076717,0.0020745844,1.6763806e-06,3.9462e-05,1.3053417e-05,0.004785776,2.4944544e-05,0.0007407963,0.0001148209,0.027783513,0.0014097095,6.281957e-05,3.412366e-06,5.1427633e-06,0.008533448,0.008097857,3.2987446e-06,0.000399746,0.014917344,0.011646718,-2.4214387e-07,7.599592e-07,1.3843179e-05,0.0016507208,0.0025760233,0.0023065507,0.00031947345,0.00761202,0.04082021,5.727634e-08,0.0002752766,0.00027303398,0.00048639625,0.0040955245,8.467585e-05,0.0015691668,0.0,0.004774183,0.0069184303,9.248033e-07,2.7116388e-05,-1.3737008e-07,0.015452921,2.3823231e-06,0.0070744753,0.02112493,3.0454248e-07,1.9557774e-06,0.00093628466,4.377216e-06,0.0013101846,0.00033679605,5.7462603e-07,-3.3732504e-06,0.02279386,0.001961872,0.013413668,1.2572855e-08,2.9481947e-05
29T,0.011916101,0.009336829,0.017561018,0.0070376396,-4.1909516e-09,0.0029341131,0.045170724,0.0022212416,1.3485551e-06,0.0026383102,0.017534524,0.022867888,0.020393997,0.016856402,0.0020276755,0.0071238577,-1.9557774e-08,4.946068e-05,0.00174281,1.6996637e-08,6.798655e-06,6.854534e-07,0.016583443,0.0,0.0039969683,-2.3283064e-09,0.009875476,4.4703484e-08,7.1540475e-05,0.00021993369,0.0001764223,1.5586615e-05,0.00029646605,0.031378835,0.00023460388,1.3550743e-07,0.015623361,2.5384128e-05,4.3585896e-07,0.005889058,0.0076883137,5.8505684e-06,0.00033528358,1.7821789e-05,9.516254e-06,4.6245754e-05,0.09162903,2.026558e-06,0.021994323,0.020889133,0.00845626,0.008415759,0.0047160983,0.011069566,3.9663166e-05,-1.6894192e-06,0.0014405996,0.0024753064,1.4901161e-08,0.00042902678,0.00051532686,0.018430114,0.012480676,0.00014624745,0.000888139,6.984919e-08,1.5366822e-08,0.00148426,0.010703802,1.290068e-05,0.003118381,0.008992642,0.0,1.4621764e-06,2.0861626e-07,0.005700141,-7.4505806e-07,0.011998206,3.9622188e-05,0.014141649,0.0002277419,-2.2396445e-05,0.001743719,0.0384247,0.00071389973,0.014594197,1.0570511e-06,0.0530501,-6.9849193e-09,7.974729e-05,0.0003021136,0.0,-2.3458153e-05,-2.7101487e-07,0.0018503815,0.018521309,9.313226e-10,-7.1525574e-07,0.0009356737,0.008543104,0.014873445,4.1816384e-07,0.00013729185,0.0006816983,0.018486619,0.000864625,0.0043012053,0.0011799186,0.0040744394,0.022839755,0.0022472143,8.6613e-07,3.3263117e-05,3.3669174e-05,0.005224198,0.0004930571,0.0007407218,0.00012041628,0.0252724,0.0014078021,2.4750829e-05,3.5576522e-07,-1.9930303e-06,0.013928235,0.008097857,6.2268227e-06,0.0006193593,0.010391682,0.00922212,2.7846545e-06,1.2032688e-06,1.1455268e-05,0.001752764,0.0026286244,0.0053857714,0.00053260475,0.006944686,0.009081274,1.3969839e-08,0.0003085509,0.00027303398,0.00049521774,0.0040955245,8.46982e-05,0.0015894026,2.8405339e-08,0.008971751,0.0075805783,5.2042305e-06,2.2020191e-05,3.490597e-05,0.016032755,1.7229468e-08,0.01369223,0.022742659,3.0267984e-07,3.958121e-09,0.0010866821,2.6524067e-06,0.008197784,0.00023383647,3.5669655e-07,1.50464475e-05,0.018281013,0.0018094331,0.012322336,1.1874363e-08,0.00024122
31H,0.012386531,0.008322746,0.016277999,0.00402762,1.2712553e-07,0.0018291473,0.03723818,0.0027204305,9.994954e-06,0.0053008646,0.016867548,0.023304582,0.02055648,0.016322553,0.002447039,0.0071178973,2.785772e-05,0.00015344471,0.0017307699,8.8475645e-09,2.7045608e-06,6.755814e-06,0.016253173,2.4447218e-09,0.012524962,-3.0267984e-09,0.009747237,1.7462298e-10,1.3872981e-05,0.00012839586,4.7836453e-05,4.508719e-05,0.00015281141,0.020311952,0.00025254488,1.3969839e-09,0.015200347,3.9119273e-05,1.7542392e-05,0.0058564246,0.007702142,2.1383166e-06,0.00033494085,0.00014723837,7.4442476e-05,1.3392419e-05,0.09083551,2.4493784e-06,0.023320407,0.020896405,0.00872007,0.008419305,0.0038464367,0.01165539,2.2079796e-05,2.5108457e-05,0.0014507324,0.0016908944,4.9639493e-07,0.000753358,0.00047248602,0.01852402,0.012485713,0.0001919046,0.002812758,3.6358833e-06,8.843839e-06,0.002965659,0.010704011,6.625429e-06,0.0002039522,0.0022863746,2.910383e-11,3.4496188e-06,2.0489097e-07,0.005700171,-7.4505806e-07,0.008535922,4.348159e-05,0.011108726,0.0002277419,-2.2396445e-05,0.0018010885,0.02859661,0.0044354647,0.011971474,-2.2910535e-07,0.11321801,8.8941306e-08,7.976219e-05,5.5894256e-05,0.0,0.00021255761,-2.7101487e-07,0.0018503815,0.018953145,1.2619421e-06,1.3364479e-07,0.00093588233,0.008760482,0.013339758,4.278496e-06,-4.365295e-05,0.0006880164,0.018489212,0.0008857399,0.0051688105,0.0012059212,0.0041243285,0.024800092,0.0026204884,9.557232e-06,2.1640211e-05,5.7928264e-07,0.0025159717,7.238239e-06,0.000736922,8.2314014e-05,0.02740103,0.0013900995,1.674518e-05,9.4342977e-07,7.4505806e-08,0.00862655,0.008097857,1.0151416e-07,0.00054371357,0.020052373,0.010497212,0.0001988262,8.745119e-07,-8.974224e-06,0.0017154366,0.0028474927,0.0063732564,0.00037184358,0.0062063634,0.023437172,2.7008355e-08,0.00029470026,0.00027303398,0.0004904866,0.0040955245,8.46833e-05,0.0015559644,3.7327409e-06,0.004574463,0.006880164,1.938641e-05,4.9393624e-05,0.00015913695,0.015685558,3.4924597e-09,0.0037657171,0.023532033,2.9522926e-07,1.983717e-06,0.0012988448,5.653128e-07,0.0016263276,0.00019250065,1.2470409e-06,3.627315e-05,0.020622462,0.0012192428,0.013442904,1.1874363e-08,3.2432377e-05
31T,0.011713743,0.005554259,0.016786367,0.0030840188,8.2794577e-07,0.0041052997,0.038897663,0.0039710253,0.00014662743,0.010601759,0.038854063,0.024672449,0.02293256,0.013967007,0.0020626485,0.0071187317,0.0010544211,3.4924597e-10,0.0016378909,2.3283064e-08,6.61239e-07,-7.21775e-08,0.017144829,-1.1641532e-10,0.0089972615,1.9557774e-08,0.0098041,5.4948032e-08,1.8607825e-06,0.00011534989,8.520484e-05,7.8585e-06,0.00013954937,0.024359286,0.00011356175,2.3283064e-10,0.014968544,4.0028244e-06,-5.060807e-06,0.0058582127,0.007700205,3.0137599e-06,0.0003357157,6.335229e-05,6.146729e-08,2.136454e-06,0.09664488,1.9334257e-06,0.02383852,0.02087456,0.00897485,0.008431107,0.0071517825,0.010694116,7.984042e-05,-1.1362135e-06,0.0013217926,0.0031347722,-1.7462298e-10,0.0003578812,0.00024282187,0.015411317,0.0124898255,-7.590279e-08,0.0010656267,-2.4866313e-07,1.8384308e-06,0.0033728778,0.010705084,3.2298267e-06,0.00031175464,0.009531498,2.0954758e-09,5.6512654e-06,2.0302832e-07,0.00570029,-7.4505806e-07,0.009534985,4.5455992e-05,0.01633972,0.0002277419,-2.2396445e-05,0.0018215477,0.030770808,0.0032924712,0.012701869,-9.0152025e-07,0.08646613,6.519258e-08,7.973984e-05,6.0815364e-07,-5.820766e-11,0.00032049417,-2.7101487e-07,0.0018503815,0.018774033,2.5797635e-07,4.4237822e-08,0.00094518065,0.008833259,0.014030963,2.8312206e-07,-2.2530556e-05,0.00041743368,0.01848942,0.0011382252,0.004484266,0.0012727529,0.004004821,0.026265532,0.0019076765,3.7755817e-06,8.562207e-05,3.928691e-05,0.007480651,-4.9047172e-05,0.00074374676,0.00023778528,0.027318507,0.0014023334,1.4025718e-05,6.798655e-08,4.26732e-05,0.015707433,0.008097976,-5.820766e-11,0.0020341426,0.009033859,0.012709677,3.4235418e-06,6.3329935e-07,5.8021396e-07,0.0012491643,0.0028482974,0.0026816428,0.00027211756,0.009245694,0.008059293,9.313226e-09,0.00024206936,0.00027303398,0.0005628392,0.0040955245,8.469075e-05,0.0016643256,-2.8871e-08,0.007516563,0.007374704,-2.02097e-07,1.7728657e-05,-3.213063e-08,0.015131593,4.8521906e-07,0.010219008,0.029695868,6.8265945e-07,2.2538006e-06,0.0003271252,3.8463622e-07,0.00200437,0.00034800172,4.6100467e-07,-1.4975667e-06,0.026322633,0.0012547076,0.010181248,2.0023435e-08,1.8615276e-05
32H,0.011840165,0.00719589,0.016287565,0.004111439,1.0803342e-07,0.0021003634,0.03789878,0.0029259622,3.646314e-05,0.0063433945,0.018258274,0.02386272,0.02035436,0.0182316,0.002345711,0.0071169436,0.0014366955,2.4832785e-05,0.001701802,1.1641532e-08,5.826354e-06,6.053597e-07,0.01647386,8.1490725e-10,0.007709384,-2.4447218e-09,0.009786487,0.0,4.6472996e-06,0.00011806935,0.00010467321,1.4655292e-05,0.00018339604,0.026097268,0.0004634261,3.259629e-09,0.015158504,0.00011730939,3.5390258e-06,0.0058564246,0.007709384,7.789582e-06,0.00033552945,0.00011778623,5.256757e-05,2.9865652e-05,0.08807987,2.078712e-06,0.023753047,0.020885795,0.00875929,0.008417815,0.004509583,0.00988543,3.4309924e-05,2.9690564e-06,0.0014402866,0.00247024,5.0570816e-07,0.00048781186,0.00038640946,0.021851718,0.012491286,3.591925e-05,0.003396213,4.1164458e-07,7.7765435e-06,0.0029324144,0.010711104,7.9236925e-06,0.0013832152,0.00591895,2.910383e-10,2.2817403e-06,2.1606684e-07,0.005700141,-7.4505806e-07,0.008757055,3.9000064e-05,0.012784898,0.0002277419,-2.2396445e-05,0.0017845035,0.024470538,0.0036271662,0.012267023,7.348135e-07,0.0817886,1.5133992e-08,7.977709e-05,0.0002462268,2.7939677e-09,0.00042118877,-2.7101487e-07,0.0018503815,0.020551682,7.685274e-06,3.0454248e-07,0.0009381473,0.0088326335,0.013979346,7.590279e-07,-2.2444874e-05,0.000626415,0.018495798,0.00082710385,0.0097996,0.0012119561,0.004048899,0.026407659,0.0020809919,4.45731e-06,5.1360577e-05,5.275011e-06,0.004990831,2.2102147e-05,0.0007400811,9.793788e-05,0.026571989,0.0014079064,1.7065555e-05,2.618879e-06,6.8116933e-06,0.0064564645,0.008097857,6.8265945e-07,0.000693962,0.014213622,0.010964483,9.201467e-07,7.8976154e-07,2.111122e-05,0.0015847683,0.0026134998,0.0045406073,0.00032737106,0.0068823695,0.04216501,5.7742e-08,0.00025957823,0.00027303398,0.0005370304,0.0040955245,8.469075e-05,0.0015295744,3.4365803e-07,0.0044917315,0.006864041,2.1763146e-05,6.072223e-07,0.00014190376,0.015353739,4.293397e-07,0.0049509853,0.022360802,3.2410026e-07,6.2603503e-06,0.0007415861,1.1511147e-06,0.0012164414,0.00024267286,1.6577542e-07,1.5243888e-05,0.022321045,0.0015974939,0.017961353,1.1641532e-08,3.4160912e-06
32T,0.012101859,0.008954495,0.017488807,0.0028227717,-2.910383e-11,0.0044451505,0.046041578,0.002929926,1.7462298e-10,0.003555283,0.016582072,0.023888618,0.020899445,0.017610818,0.0019857734,0.0071278214,0.0003145188,8.177757e-05,0.0017758459,2.0954758e-08,7.2661787e-06,2.2277236e-06,0.017164677,0.0,0.0058307946,0.0,0.010009319,-5.820766e-10,6.784499e-05,0.00011347234,7.4166805e-05,6.7688525e-06,8.038059e-05,0.031986296,0.0003695488,2.430752e-07,0.015794635,2.9884279e-05,2.82377e-06,0.005880922,0.0076955557,1.3161451e-05,0.0003350675,1.4059246e-05,9.447336e-05,4.5273453e-05,0.09031993,2.3450702e-06,0.022636056,0.020887494,0.008409262,0.008448213,0.004296735,0.011089444,0.00010943413,-1.4014542e-05,0.0013183951,0.0013430715,1.5292317e-06,0.0003497675,0.0004445687,0.021291822,0.012499332,0.00014069676,0.0036147982,9.639189e-08,5.705282e-06,0.0025527924,0.010703772,9.272248e-06,0.005867958,0.00855127,5.820766e-11,4.7311187e-06,1.8905848e-07,0.0057002306,-7.4505806e-07,0.013708323,4.5176595e-05,0.01625672,0.0002277419,-2.2396445e-05,0.0017507672,0.03981176,0.0015384704,0.015146077,1.0477379e-09,0.084420145,-1.7462298e-10,7.9758465e-05,0.00026895106,2.0954758e-09,-6.916374e-05,-2.7101487e-07,0.0018503815,0.020305783,8.1490725e-09,-1.7462298e-10,0.0009364486,0.0086042285,0.014598846,1.9799918e-06,8.761883e-05,0.0007825047,0.018492132,0.0013149679,0.0026692897,0.0011821836,0.0040803403,0.02586773,0.002980575,1.5292317e-06,4.6409667e-05,5.682558e-05,0.005118951,0.00038509816,0.0007431209,9.548664e-05,0.025031507,0.0014038235,0.0009087324,2.2929162e-06,-1.1352822e-06,0.0112247765,0.008097857,5.228445e-06,0.00065165013,0.020401597,0.0087336,2.3562461e-06,5.783513e-07,0.00013169646,0.0018885583,0.0026382655,0.005652964,0.00042624772,0.0056729615,0.019575745,3.9115548e-08,0.00023053586,0.00027303398,0.0006044656,0.0040955245,8.46982e-05,0.0015249401,-4.241243e-06,0.004061997,0.0067775548,1.0881573e-05,5.578622e-06,0.00045788288,0.015399814,5.904585e-06,0.021331072,0.02216968,2.0768493e-07,3.343448e-07,0.0010462403,1.3113022e-06,0.014099658,0.00012939423,7.497147e-08,6.89514e-05,0.019565523,0.0008877069,0.0118016,8.614734e-09,0.00014100969
35H,0.0122665465,0.006453842,0.016089082,0.0034180284,8.4750354e-08,0.0013202876,0.036061585,0.0029404312,3.5740435e-05,0.005528629,0.016004354,0.023435146,0.020127535,0.020428777,0.002372861,0.0071184933,0.00043739378,1.7009676e-05,0.0017084926,2.7939677e-08,1.0188669e-05,8.37259e-07,0.016465217,4.656613e-10,0.007728398,-1.6298145e-09,0.00975129,0.0,5.4184347e-06,0.00011181086,0.00012867898,1.6890466e-05,0.00019685179,0.02360472,0.0009403378,3.958121e-09,0.01526916,2.3592263e-05,1.2870878e-05,0.0058524013,0.007707715,1.2494624e-05,0.00033524632,0.00010321289,9.4383955e-05,2.7041882e-05,0.08873546,1.8067658e-06,0.023541749,0.020887256,0.008538932,0.00842011,0.0032201111,0.010229617,2.3297966e-05,8.234754e-06,0.0015891045,0.0022229552,1.8645078e-06,0.00051781535,0.00038331747,0.016511947,0.012494564,7.748231e-05,0.0027045608,2.399087e-06,9.080395e-06,0.0018792003,0.010703713,3.2503158e-06,0.0010584444,0.0054084808,4.656613e-10,2.5834888e-06,1.9930303e-07,0.005700171,-7.4505806e-07,0.009684861,4.1056424e-05,0.014047354,0.00022773445,-2.2396445e-05,0.0018054694,0.029840589,0.0034382045,0.012188405,1.03376806e-07,0.08011043,1.8859282e-08,7.9758465e-05,0.00026965886,1.7462298e-10,0.0011643767,-2.7101487e-07,0.0018503815,0.019701242,6.8638474e-06,1.816079e-07,0.00093851984,0.008790851,0.0136379,1.8309802e-06,-5.0816685e-05,0.0006314665,0.018494904,0.0008043349,0.0028592646,0.0012054294,0.0040667355,0.024910241,0.0026845783,1.9818544e-06,4.133582e-05,9.346753e-06,0.004321173,6.4913183e-06,0.0007407963,0.00012844056,0.026436538,0.0014004409,5.1964074e-05,1.1352822e-06,3.9219856e-05,0.00996694,0.008097857,3.6563724e-06,0.0005024746,0.010325283,0.01083684,3.5353005e-06,9.126961e-07,4.922971e-06,0.0016076714,0.0027086437,0.005939245,0.00040005893,0.007907867,0.032693654,3.678724e-08,0.00027555227,0.00027303398,0.0004986599,0.0040955245,8.469075e-05,0.0015306324,1.585111e-06,0.005773425,0.0070979297,4.6662986e-05,6.4857304e-06,0.00028972328,0.015238196,2.188608e-07,0.003450662,0.023981959,3.9022416e-07,4.4703484e-06,0.00048176944,1.0197982e-06,0.0006498769,0.00019346923,1.4295802e-07,3.52785e-05,0.021115482,0.000930056,0.025889575,1.3504177e-08,8.298084e-06
35T,0.012115717,0.005756676,0.01713106,0.006103754,-1.7462298e-10,0.0030115992,0.043696523,0.0019606054,-3.259629e-07,0.001843676,0.013302326,0.023341388,0.019603401,0.01224336,0.0021423101,0.0071214437,9.611249e-07,0.0001744479,0.0017254353,2.188608e-08,1.6670674e-06,5.038455e-07,0.015324384,0.0,0.0029151589,-3.4924597e-09,0.009788632,5.820766e-10,3.4928322e-05,0.00029893965,0.00045650452,2.1453947e-05,0.00018104166,0.03455031,9.150803e-05,4.0978193e-08,0.015516877,0.000116333365,-1.7695129e-07,0.0058618486,0.007686019,1.1939555e-05,0.00033469498,2.7939677e-08,0.0,7.027015e-05,0.08032948,1.8589199e-06,0.021975547,0.020872384,0.008561403,0.008438736,0.0051733106,0.008066893,5.6929886e-05,-4.7795475e-06,0.0019297898,0.00169985,-5.820766e-10,0.00019224733,0.0004363507,0.020534605,0.012481183,3.3825636e-06,0.00044388324,-5.355105e-09,1.1427328e-06,0.0009510368,0.0107060075,9.36538e-06,0.0015460998,0.009092599,5.820766e-10,1.437962e-06,2.1979213e-07,0.005700141,-7.4505806e-07,0.012963682,4.9699098e-05,0.01703009,0.0002277419,-2.2396445e-05,0.0017629862,0.049509406,0.0024662763,0.013553143,2.8684735e-07,0.049805045,3.4924597e-08,7.975474e-05,0.0007099509,-3.4924597e-10,-6.582588e-05,-2.7101487e-07,0.0018503815,0.018513173,-5.9604645e-08,-1.5385449e-06,0.00093623996,0.008520693,0.014065772,5.4948032e-08,3.285706e-06,0.0005609244,0.0184896,0.00095129013,0.0040297955,0.0011976808,0.0041200668,0.023882866,0.004686132,2.9094517e-06,4.29973e-05,1.9792467e-05,0.0049055517,0.00022283942,0.00074367225,0.000115044415,0.026072145,0.0014201999,8.790195e-05,8.4284693e-07,-3.6023557e-06,0.010320455,0.008097887,1.3876706e-06,0.00096835196,0.012325913,0.009949267,2.0585954e-05,1.2619421e-06,6.600469e-05,0.0016321391,0.0026785433,0.007515967,0.000542514,0.0075064898,0.0105578005,1.7462298e-08,0.0002534464,0.00027303398,0.0005872622,0.0040955245,8.46833e-05,0.0016059428,1.7695129e-07,0.0041704476,0.006799817,1.449883e-05,0.00015205145,0.0002766475,0.015845895,-1.2805685e-09,0.009606391,0.026091963,4.9732625e-07,2.2724271e-07,0.0012288541,1.8198043e-06,0.0060998797,0.00030751526,7.543713e-08,3.0390918e-05,0.019848615,0.002325192,0.01554665,1.0011718e-08,0.000192523
36H,0.012041271,0.0071241856,0.016003877,0.0026860237,5.2619725e-08,0.0013407767,0.03803307,0.0032676905,3.3438206e-05,0.005030021,0.017127931,0.023516089,0.020106167,0.02011612,0.0023332685,0.0071189404,6.849691e-05,5.0909817e-05,0.0017203987,2.0023435e-08,1.1079013e-05,4.498288e-07,0.016644984,-1.1641532e-10,0.008353263,0.0,0.009732634,-1.7462298e-10,3.9860606e-06,0.00013144314,0.000108376145,2.4788082e-05,0.00021798164,0.027019292,0.00082986057,3.585592e-08,0.01528433,6.537512e-05,3.6932528e-05,0.005856544,0.007704079,1.0304153e-05,0.00033520907,0.00010441989,0.0002542138,3.8225204e-05,0.092160285,2.0638108e-06,0.02312097,0.020886213,0.008714646,0.008423835,0.0035597235,0.010941565,1.5627593e-05,1.3168901e-05,0.0014083683,0.002313003,2.9467046e-06,0.0005684197,0.00041891634,0.017102718,0.012490183,0.00015062094,0.004505813,5.5450946e-06,1.0408461e-05,0.0023566037,0.010703087,3.3527613e-06,0.00077576935,0.0053688437,2.3283064e-10,2.4344772e-06,1.816079e-07,0.0057005584,-7.4505806e-07,0.009360999,3.822893e-05,0.0128751695,0.0002277419,-2.2396445e-05,0.0018073469,0.022449762,0.0040266067,0.012144625,6.582588e-06,0.09192526,3.0267984e-09,7.975474e-05,0.00043130666,2.910383e-11,0.0017482638,-2.7101487e-07,0.0018503815,0.01934883,8.806586e-06,3.427267e-07,0.00093844533,0.00882405,0.014186472,4.472211e-06,-2.9660761e-05,0.0005940348,0.018493563,0.0008007288,0.0024783462,0.0011919439,0.0040653497,0.02507022,0.0025470853,2.3208559e-06,4.1536987e-05,5.1353127e-06,0.0042440444,7.0743263e-06,0.0007394403,0.00013445318,0.02670744,0.0013985932,4.136935e-05,2.341345e-06,8.555129e-06,0.010278374,0.008097857,1.4565885e-06,0.000591211,0.0101735,0.0108786225,2.6077032e-07,9.769574e-07,6.35162e-06,0.0016447306,0.002670765,0.006502986,0.00040099025,0.008360326,0.037707746,4.5169145e-08,0.00023535639,0.00027303398,0.0005561933,0.0040955245,8.469075e-05,0.0015604496,4.1443855e-07,0.0064054728,0.0072028637,4.2740256e-05,4.535541e-06,0.00039346516,0.015489489,2.1327287e-07,0.0031561404,0.023883522,4.2840838e-07,2.592802e-06,0.000415951,9.4249845e-07,0.0013138056,0.00019086897,2.3189932e-07,5.959347e-05,0.02177605,0.0015477985,0.021305203,1.1175871e-08,1.617521e-05
36T,0.011788636,0.008335143,0.017334223,0.004178092,-5.820766e-10,0.0030438602,0.04507342,0.0024377406,3.7178397e-06,0.0011078715,0.017825663,0.023020774,0.0196895,0.01497066,0.0022783726,0.0071270764,-2.5499612e-06,0.00012616068,0.0017154664,2.7474016e-08,3.8724393e-06,1.1026859e-06,0.017343402,9.313226e-10,0.0051598996,5.820766e-11,0.009913176,8.1490725e-10,2.842769e-05,0.00021228194,0.00023784488,2.6423484e-05,0.00014788657,0.024731785,0.00038196146,4.8894435e-09,0.015657961,0.00018140674,8.6613e-08,0.0058630407,0.0076964796,2.7958304e-06,0.00033523142,4.9900264e-06,0.00011397153,0.00010829419,0.089695275,2.2035092e-06,0.022650301,0.020876378,0.008507252,0.008431494,0.0042881966,0.010208607,1.5631318e-05,-6.9849193e-10,0.0018438846,0.0022268742,3.259629e-08,0.0003349632,0.0005677864,0.015117019,0.012485653,9.713322e-05,0.0012991577,5.727634e-08,1.46683306e-08,0.0017877668,0.010710418,8.566305e-06,0.0035208613,0.008790016,1.7462298e-10,1.1958182e-06,2.188608e-07,0.0057000816,-7.4505806e-07,0.013078719,4.573539e-05,0.0151795745,0.0002277419,-2.2396445e-05,0.0017978847,0.04139173,0.0012879968,0.013452798,6.8638474e-06,0.058616936,2.4447218e-09,7.9751015e-05,0.00064826757,1.7462298e-09,5.2470714e-06,-2.7101487e-07,0.0018503815,0.020163,1.5785918e-07,-3.4924597e-09,0.00093352795,0.0085867345,0.014941394,1.611188e-07,5.3901225e-05,0.00059993565,0.018494844,0.0008492321,0.0037605762,0.0011987835,0.0040885955,0.020577192,0.0022637695,4.8838556e-06,2.9355288e-05,1.1131167e-05,0.004604757,0.00026659667,0.0007404536,0.0001463592,0.026613861,0.0014050305,5.3036958e-05,1.0496005e-06,5.271286e-07,0.0069897175,0.008097857,8.609146e-06,0.0011043847,0.016962945,0.010280788,3.1031668e-06,7.7020377e-07,1.2986362e-05,0.0018163472,0.0026202798,0.0048879385,0.00067059696,0.0071357787,0.023793042,4.33065e-08,0.00030262768,0.00027303398,0.0004927218,0.0040955245,8.469075e-05,0.0016659945,1.0859221e-06,0.005179018,0.006993413,2.8859824e-05,0.00014469773,0.00034903735,0.016245604,8.1490725e-10,0.015487134,0.02248463,2.8871e-07,5.448237e-07,0.0010943711,5.7965517e-06,0.008565873,0.00021502376,1.02911144e-07,4.022941e-05,0.018323183,0.0009946376,0.0157789,1.5366822e-08,0.00012253225
38H,0.011501402,0.006105244,0.01596409,0.0032028556,1.2572855e-08,0.001992181,0.03871137,0.0024903864,1.5664846e-05,0.003272757,0.014881998,0.023235798,0.01958841,0.020432204,0.0023293644,0.0071196556,0.00012417138,6.7483634e-06,0.0017064065,2.7939677e-08,6.267801e-06,3.632158e-07,0.016428083,0.0,0.0068457425,-1.0477379e-09,0.009732634,-1.7462298e-10,1.13509595e-05,0.00014354289,0.000111594796,3.3084303e-05,0.00021484494,0.026363611,0.000658676,2.910383e-10,0.015269071,7.681176e-05,4.337728e-05,0.0058573484,0.007708937,4.405156e-06,0.00033534318,6.03348e-05,0.00015747547,8.573383e-05,0.08461636,2.3506582e-06,0.023452312,0.020886123,0.008446962,0.008423567,0.0039583594,0.009388238,6.403774e-06,2.5212765e-05,0.0015177578,0.0023686588,3.3918768e-06,0.00055269897,0.0004169345,0.016472131,0.012490839,8.791685e-05,0.005341679,5.7034194e-06,9.115785e-06,0.0014103204,0.010710388,8.299947e-06,0.0015091747,0.0052728206,2.3283064e-10,1.0337681e-06,1.9092113e-07,0.0057005286,-7.4505806e-07,0.009586126,3.9599836e-05,0.011932403,0.0002277419,-2.2396445e-05,0.001805678,0.023970246,0.0026736557,0.012408704,8.0186874e-07,0.08267969,1.071021e-08,7.976219e-05,0.000452213,1.7462298e-10,0.0015826821,-2.7101487e-07,0.0018503815,0.019664854,6.193295e-06,5.4296106e-07,0.0009356588,0.008765668,0.014273852,2.3432076e-06,-1.7974526e-07,0.00058060884,0.018502086,0.0008877814,0.0043409765,0.0011894703,0.0040715784,0.02469936,0.0024601072,3.9245933e-06,2.8803945e-05,1.4856458e-05,0.004949495,2.1185726e-05,0.00073988736,0.00011823326,0.026714891,0.0014010519,2.6233494e-05,3.3937395e-06,2.0381063e-05,0.007391304,0.008097857,7.4133277e-07,0.000944227,0.023496836,0.0119436085,-4.3865293e-07,9.536743e-07,1.6510487e-05,0.0016566813,0.002594769,0.0072031617,0.00042749196,0.008241594,0.03434223,3.632158e-08,0.00029898435,0.00027303398,0.0004864186,0.0040955245,8.469075e-05,0.0015551746,4.535541e-06,0.003883019,0.006740004,3.072992e-05,6.424263e-06,0.00032325834,0.015565932,2.910383e-10,0.0022804886,0.022681594,4.293397e-07,5.6233257e-06,0.00039860606,1.8272549e-06,0.001493603,5.820021e-05,1.5459955e-07,2.6781112e-05,0.022783697,0.0015103668,0.023361385,1.094304e-08,6.4112246e-06
38T,0.011793256,0.005175367,0.017219037,0.0045382977,-5.122274e-09,0.00291121,0.041719913,0.0019795895,6.9849193e-10,0.0015942901,0.011584997,0.022997588,0.019222677,0.014412999,0.0019276589,0.0071398616,1.4491379e-06,1.3105571e-05,0.0016885996,2.7008355e-08,5.206093e-07,3.5669655e-07,0.016043842,0.0,0.005553663,-6.9849193e-10,0.010090739,1.0477379e-09,5.120784e-05,0.00025229156,0.00019437075,1.2833625e-05,5.370751e-05,0.028819561,9.2446804e-05,-2.910383e-10,0.015273005,9.357184e-05,0.0,0.005878061,0.0076833367,2.8368086e-05,0.0003355071,1.3457611e-07,2.0124018e-05,0.00011527538,0.074700296,1.7043203e-06,0.021842897,0.020875454,0.008508533,0.008405656,0.006909281,0.0076344907,2.4039298e-05,-1.648441e-07,0.0017922968,0.002697587,-1.7462298e-09,0.00029706955,0.00035613775,0.016685992,0.01248306,3.8277358e-07,0.0008331388,1.1641532e-09,1.5599653e-08,0.00086186826,0.010704637,1.0296702e-05,0.0032166094,0.0061361194,9.313226e-10,4.5076013e-07,2.3189932e-07,0.0057000816,-7.4505806e-07,0.011916876,4.7639012e-05,0.016674906,0.0002277419,-2.2396445e-05,0.0018048733,0.056441784,0.0014088154,0.014024198,6.388873e-07,0.06817126,2.7939677e-08,7.9751015e-05,0.0004480183,2.910383e-11,2.3696572e-05,-2.7101487e-07,0.0018503815,0.019103318,1.071021e-08,-4.8894435e-09,0.00093491375,0.008580893,0.014783889,7.21775e-08,0.00012368709,0.00063467026,0.018499106,0.001017347,0.0040621012,0.0011722445,0.0041262805,0.0195252,0.0029844344,4.403293e-06,3.297627e-05,1.8849969e-05,0.0048049986,0.0002920255,0.0007406473,0.00015442818,0.026111513,0.0014190823,0.00017346442,1.0896474e-07,6.0964376e-06,0.0062244236,0.008097857,6.4168125e-07,0.0020066947,0.03981331,0.010078609,1.1000782e-05,1.1082739e-06,3.511831e-05,0.0018369406,0.002711475,0.0059143305,0.0007224977,0.00936684,0.022684932,5.401671e-08,0.00028205663,0.00027303398,0.0005964339,0.0040955245,8.46833e-05,0.0015607774,5.7704747e-06,0.0029696375,0.006531507,3.958121e-06,0.0001489371,0.00012502074,0.015912205,-2.0023435e-07,0.014891088,0.026077569,4.4796616e-07,8.6054206e-07,0.000631541,2.058223e-06,0.0052250177,8.453429e-05,5.1688403e-08,5.8766454e-07,0.020528615,0.0018884689,0.020992577,9.313226e-09,9.697676e-05
40H,0.012215793,0.0071507394,0.016169906,0.0029651672,5.820766e-08,0.001141414,0.03861633,0.0031203032,2.907589e-05,0.0058629215,0.016750187,0.023454726,0.02011016,0.020990103,0.0022558123,0.0071169436,0.00014735758,0.00017680973,0.0017139018,2.0954758e-09,1.1276454e-05,1.3709068e-06,0.016788065,0.0,0.0059922934,-5.820766e-11,0.009741932,-1.7462298e-09,1.0047108e-05,0.00013333559,9.547174e-05,2.1863729e-05,0.00018426031,0.028826982,0.00092346966,2.3283064e-08,0.015289873,0.00011990219,2.758205e-05,0.0058557987,0.0077037513,9.810552e-06,0.00033526123,0.00016346574,9.11057e-05,2.3242086e-05,0.08972138,1.968816e-06,0.023274362,0.020892143,0.0085608065,0.008422524,0.0036576986,0.010801196,2.6840717e-05,7.54185e-06,0.0015713274,0.002227202,1.9222498e-06,0.0006394163,0.00047796965,0.019038469,0.012488246,0.00010588765,0.0035700947,4.68269e-06,1.0635704e-05,0.002108261,0.010703802,4.760921e-06,0.0008907914,0.006311357,1.7462298e-10,2.4028122e-06,1.8347055e-07,0.005700469,-7.4505806e-07,0.009491593,4.2654574e-05,0.012041062,0.00022773445,-2.2396445e-05,0.0018291324,0.02808854,0.0030311197,0.012317389,6.3795596e-07,0.08931029,8.381903e-09,7.976219e-05,0.00057867914,1.1641532e-10,0.0017963201,-2.7101487e-07,0.0018503815,0.019442469,4.434958e-06,1.1501834e-07,0.0009370744,0.008736014,0.014130235,3.1869859e-06,-1.7683953e-05,0.00061454624,0.018493801,0.0007812679,0.0063556433,0.0011954159,0.0040436685,0.024460435,0.0026175529,3.9283186e-06,4.2077154e-05,1.3425946e-05,0.0032736063,1.6305596e-05,0.00073991716,0.00014127791,0.026939392,0.0014045835,3.938377e-05,1.7881393e-06,3.7766993e-05,0.006380141,0.008097857,2.4382025e-06,0.0005927235,0.01685524,0.010662198,8.037314e-07,9.0524554e-07,3.0193478e-06,0.0016108751,0.002682805,0.0070255697,0.00038585812,0.0077198446,0.031551898,3.7252903e-08,0.00025711954,0.00027303398,0.0005312264,0.0040955245,8.469075e-05,0.0015280694,1.8849969e-06,0.005430162,0.007038325,5.2906573e-05,9.004027e-06,0.00041781366,0.015590936,1.2572855e-08,0.00440675,0.024618626,4.451722e-07,2.5443733e-06,0.0004710108,7.376075e-07,0.0013551861,0.0001771152,3.017485e-07,5.8252364e-05,0.022731245,0.0010977834,0.024752915,1.21071935e-08,2.6468188e-05
40T,0.012098402,0.009100348,0.017495573,0.004999876,-3.4924597e-09,0.0029989928,0.04283765,0.0017386079,3.2950193e-06,0.0019051284,0.014224082,0.022621661,0.020127892,0.014605641,0.0020775944,0.0071231127,0.0001341626,0.00017785281,0.0017383099,2.0023435e-08,2.1196902e-06,1.7024577e-06,0.01573971,-3.4924597e-10,0.0031837076,-6.9849193e-10,0.009774774,-5.820766e-10,2.0269305e-05,0.00022026151,0.00021907687,2.5872141e-05,0.00010095537,0.02451685,0.00036402792,4.656613e-09,0.015539169,0.0003678277,7.143244e-07,0.005857706,0.0076936185,1.8395483e-05,0.00033518672,2.1450222e-05,0.00022866577,6.5173954e-05,0.08688027,2.2109598e-06,0.022293657,0.020878702,0.008402973,0.008444518,0.0069689453,0.009828061,5.0239265e-05,-5.811453e-07,0.0020465255,0.0021601617,5.820766e-11,0.00038060546,0.00047533214,0.016594976,0.012481809,2.2158027e-05,0.0023471713,2.9336661e-08,1.1874363e-07,0.0016689152,0.010701358,4.1611493e-06,0.004847735,0.014493972,2.910383e-11,7.096678e-07,2.0675361e-07,0.0057000816,-7.4505806e-07,0.012518972,4.384294e-05,0.0143639445,0.0002277419,-2.2396445e-05,0.0017660707,0.047309607,0.0018976927,0.014161795,-8.707866e-08,0.094531655,1.5366822e-08,7.9758465e-05,0.0004935637,-1.1641532e-10,-1.2867153e-05,-2.7101487e-07,0.0018503815,0.018213749,5.029142e-08,-2.0023435e-08,0.00093460083,0.008573979,0.013920546,9.732321e-07,2.5719404e-05,0.00059336424,0.018493235,0.0009795576,0.0039318353,0.0012287349,0.0040451437,0.022292376,0.0029597878,5.9027225e-06,4.4330955e-05,1.725927e-05,0.004726216,0.0005566478,0.0007393807,0.00012804568,0.024607897,0.0014040023,3.4555793e-05,1.3504177e-06,-4.749745e-08,0.00416705,0.008097857,1.6242266e-06,0.0012427866,0.017013729,0.009333253,3.438443e-06,8.08388e-07,3.8839877e-05,0.00172396,0.0026595443,0.006449342,0.00054974854,0.0076981187,0.018290102,2.4680048e-08,0.00030839443,0.00027303398,0.00063072145,0.0040955245,8.46833e-05,0.001712203,2.8219074e-07,0.008033633,0.007450074,1.4178455e-05,2.797693e-05,0.00033368915,0.015907556,1.9790605e-09,0.012545854,0.024827361,3.6973506e-07,1.1855736e-06,0.0006075129,2.944842e-06,0.0065431297,0.00013020635,4.004687e-08,3.5028905e-05,0.021205634,0.0021736175,0.011667341,1.46683306e-08,8.363277e-05
